	k__Bacteria|p__Acidobacteria|c__Acidobacteriia|o__Acidobacteriales|f__Acidobacteriaceae|g__Granulicella	k__Bacteria|p__Acidobacteria|c__Acidobacteriia|o__Acidobacteriales|f__Acidobacteriaceae|g__Terriglobus	k__Bacteria|p__Actinobacteria|c__Actinobacteria|o__Actinomycetales|f__Actinomycetaceae|g__Actinobaculum	k__Bacteria|p__Actinobacteria|c__Actinobacteria|o__Actinomycetales|f__Actinomycetaceae|g__Actinomyces	k__Bacteria|p__Actinobacteria|c__Actinobacteria|o__Actinomycetales|f__Actinomycetaceae|g__Varibaculum	k__Bacteria|p__Actinobacteria|c__Actinobacteria|o__Actinomycetales|f__Brevibacteriaceae|g__Brevibacterium	k__Bacteria|p__Actinobacteria|c__Actinobacteria|o__Actinomycetales|f__Corynebacteriaceae|g__Corynebacterium	k__Bacteria|p__Actinobacteria|c__Actinobacteria|o__Actinomycetales|f__Dermabacteraceae|g__Brachybacterium	k__Bacteria|p__Actinobacteria|c__Actinobacteria|o__Actinomycetales|f__Microbacteriaceae|g__Leifsonia	k__Bacteria|p__Actinobacteria|c__Actinobacteria|o__Actinomycetales|f__Micrococcaceae|g__Kocuria	k__Bacteria|p__Actinobacteria|c__Actinobacteria|o__Actinomycetales|f__Micrococcaceae|g__Micrococcus	k__Bacteria|p__Actinobacteria|c__Actinobacteria|o__Actinomycetales|f__Micrococcaceae|g__Rothia	k__Bacteria|p__Actinobacteria|c__Actinobacteria|o__Actinomycetales|f__Nocardioidaceae|g__Nocardioides	k__Bacteria|p__Actinobacteria|c__Actinobacteria|o__Actinomycetales|f__Propionibacteriaceae|g__Propionibacteriaceae_unclassified	k__Bacteria|p__Actinobacteria|c__Actinobacteria|o__Actinomycetales|f__Propionibacteriaceae|g__Propionibacterium	k__Bacteria|p__Actinobacteria|c__Actinobacteria|o__Bifidobacteriales|f__Bifidobacteriaceae|g__Alloscardovia	k__Bacteria|p__Actinobacteria|c__Actinobacteria|o__Bifidobacteriales|f__Bifidobacteriaceae|g__Bifidobacterium	k__Bacteria|p__Actinobacteria|c__Actinobacteria|o__Bifidobacteriales|f__Bifidobacteriaceae|g__Gardnerella	k__Bacteria|p__Actinobacteria|c__Actinobacteria|o__Bifidobacteriales|f__Bifidobacteriaceae|g__Scardovia	k__Bacteria|p__Actinobacteria|c__Actinobacteria|o__Coriobacteriales|f__Coriobacteriaceae|g__Adlercreutzia	k__Bacteria|p__Actinobacteria|c__Actinobacteria|o__Coriobacteriales|f__Coriobacteriaceae|g__Atopobium	k__Bacteria|p__Actinobacteria|c__Actinobacteria|o__Coriobacteriales|f__Coriobacteriaceae|g__Collinsella	k__Bacteria|p__Actinobacteria|c__Actinobacteria|o__Coriobacteriales|f__Coriobacteriaceae|g__Coriobacteriaceae_noname	k__Bacteria|p__Actinobacteria|c__Actinobacteria|o__Coriobacteriales|f__Coriobacteriaceae|g__Eggerthella	k__Bacteria|p__Actinobacteria|c__Actinobacteria|o__Coriobacteriales|f__Coriobacteriaceae|g__Gordonibacter	k__Bacteria|p__Actinobacteria|c__Actinobacteria|o__Coriobacteriales|f__Coriobacteriaceae|g__Olsenella	k__Bacteria|p__Actinobacteria|c__Actinobacteria|o__Coriobacteriales|f__Coriobacteriaceae|g__Slackia	k__Bacteria|p__Bacteroidetes|c__Bacteroidetes_noname|o__Bacteroidetes_noname|f__Bacteroidetes_noname|g__Bacteroidetes_noname	k__Bacteria|p__Bacteroidetes|c__Bacteroidia|o__Bacteroidales|f__Bacteroidaceae|g__Bacteroides	k__Bacteria|p__Bacteroidetes|c__Bacteroidia|o__Bacteroidales|f__Bacteroidales_noname|g__Bacteroidales_noname	k__Bacteria|p__Bacteroidetes|c__Bacteroidia|o__Bacteroidales|f__Porphyromonadaceae|g__Barnesiella	k__Bacteria|p__Bacteroidetes|c__Bacteroidia|o__Bacteroidales|f__Porphyromonadaceae|g__Butyricimonas	k__Bacteria|p__Bacteroidetes|c__Bacteroidia|o__Bacteroidales|f__Porphyromonadaceae|g__Coprobacter	k__Bacteria|p__Bacteroidetes|c__Bacteroidia|o__Bacteroidales|f__Porphyromonadaceae|g__Dysgonomonas	k__Bacteria|p__Bacteroidetes|c__Bacteroidia|o__Bacteroidales|f__Porphyromonadaceae|g__Odoribacter	k__Bacteria|p__Bacteroidetes|c__Bacteroidia|o__Bacteroidales|f__Porphyromonadaceae|g__Parabacteroides	k__Bacteria|p__Bacteroidetes|c__Bacteroidia|o__Bacteroidales|f__Porphyromonadaceae|g__Porphyromonas	k__Bacteria|p__Bacteroidetes|c__Bacteroidia|o__Bacteroidales|f__Prevotellaceae|g__Alloprevotella	k__Bacteria|p__Bacteroidetes|c__Bacteroidia|o__Bacteroidales|f__Prevotellaceae|g__Paraprevotella	k__Bacteria|p__Bacteroidetes|c__Bacteroidia|o__Bacteroidales|f__Prevotellaceae|g__Prevotella	k__Bacteria|p__Bacteroidetes|c__Bacteroidia|o__Bacteroidales|f__Rikenellaceae|g__Alistipes	k__Bacteria|p__Bacteroidetes|c__Flavobacteriia|o__Flavobacteriales|f__Flavobacteriaceae|g__Cellulophaga	k__Bacteria|p__Bacteroidetes|c__Sphingobacteriia|o__Sphingobacteriales|f__Sphingobacteriaceae|g__Pedobacter	k__Bacteria|p__Chlorobi|c__Chlorobia|o__Chlorobiales|f__Chlorobiaceae|g__Chlorobium	k__Bacteria|p__Cyanobacteria|c__Cyanobacteria_noname|o__Oscillatoriales|f__Oscillatoriales_noname|g__Arthrospira	k__Bacteria|p__Deinococcus_Thermus|c__Deinococci|o__Deinococcales|f__Deinococcaceae|g__Deinococcus	k__Bacteria|p__Firmicutes|c__Bacilli|o__Bacillales|f__Bacillaceae|g__Bacillus	k__Bacteria|p__Firmicutes|c__Bacilli|o__Bacillales|f__Bacillales_noname|g__Gemella	k__Bacteria|p__Firmicutes|c__Bacilli|o__Bacillales|f__Staphylococcaceae|g__Staphylococcus	k__Bacteria|p__Firmicutes|c__Bacilli|o__Lactobacillales|f__Aerococcaceae|g__Abiotrophia	k__Bacteria|p__Firmicutes|c__Bacilli|o__Lactobacillales|f__Aerococcaceae|g__Aerococcus	k__Bacteria|p__Firmicutes|c__Bacilli|o__Lactobacillales|f__Aerococcaceae|g__Facklamia	k__Bacteria|p__Firmicutes|c__Bacilli|o__Lactobacillales|f__Carnobacteriaceae|g__Granulicatella	k__Bacteria|p__Firmicutes|c__Bacilli|o__Lactobacillales|f__Enterococcaceae|g__Enterococcus	k__Bacteria|p__Firmicutes|c__Bacilli|o__Lactobacillales|f__Enterococcaceae|g__Tetragenococcus	k__Bacteria|p__Firmicutes|c__Bacilli|o__Lactobacillales|f__Lactobacillaceae|g__Lactobacillus	k__Bacteria|p__Firmicutes|c__Bacilli|o__Lactobacillales|f__Lactobacillaceae|g__Pediococcus	k__Bacteria|p__Firmicutes|c__Bacilli|o__Lactobacillales|f__Leuconostocaceae|g__Leuconostoc	k__Bacteria|p__Firmicutes|c__Bacilli|o__Lactobacillales|f__Leuconostocaceae|g__Weissella	k__Bacteria|p__Firmicutes|c__Bacilli|o__Lactobacillales|f__Streptococcaceae|g__Lactococcus	k__Bacteria|p__Firmicutes|c__Bacilli|o__Lactobacillales|f__Streptococcaceae|g__Streptococcus	k__Bacteria|p__Firmicutes|c__Clostridia|o__Clostridiales|f__Clostridiaceae|g__Butyricicoccus	k__Bacteria|p__Firmicutes|c__Clostridia|o__Clostridiales|f__Clostridiaceae|g__Clostridiaceae_noname	k__Bacteria|p__Firmicutes|c__Clostridia|o__Clostridiales|f__Clostridiaceae|g__Clostridium	k__Bacteria|p__Firmicutes|c__Clostridia|o__Clostridiales|f__Clostridiales_Family_XIII_Incertae_Sedis|g__Clostridiales_Family_XIII_Incertae_Sedis_noname	k__Bacteria|p__Firmicutes|c__Clostridia|o__Clostridiales|f__Clostridiales_Family_XIII_Incertae_Sedis|g__Clostridiales_Family_XIII_Incertae_Sedis_unclassified	k__Bacteria|p__Firmicutes|c__Clostridia|o__Clostridiales|f__Clostridiales_Family_XI_Incertae_Sedis|g__Anaerococcus	k__Bacteria|p__Firmicutes|c__Clostridia|o__Clostridiales|f__Clostridiales_Family_XI_Incertae_Sedis|g__Clostridiales_Family_XI_Incertae_Sedis_noname	k__Bacteria|p__Firmicutes|c__Clostridia|o__Clostridiales|f__Clostridiales_Family_XI_Incertae_Sedis|g__Finegoldia	k__Bacteria|p__Firmicutes|c__Clostridia|o__Clostridiales|f__Clostridiales_Family_XI_Incertae_Sedis|g__Parvimonas	k__Bacteria|p__Firmicutes|c__Clostridia|o__Clostridiales|f__Clostridiales_Family_XI_Incertae_Sedis|g__Peptoniphilus	k__Bacteria|p__Firmicutes|c__Clostridia|o__Clostridiales|f__Clostridiales_noname|g__Clostridiales_noname	k__Bacteria|p__Firmicutes|c__Clostridia|o__Clostridiales|f__Clostridiales_noname|g__Flavonifractor	k__Bacteria|p__Firmicutes|c__Clostridia|o__Clostridiales|f__Clostridiales_noname|g__Pseudoflavonifractor	k__Bacteria|p__Firmicutes|c__Clostridia|o__Clostridiales|f__Eubacteriaceae|g__Anaerofustis	k__Bacteria|p__Firmicutes|c__Clostridia|o__Clostridiales|f__Eubacteriaceae|g__Eubacterium	k__Bacteria|p__Firmicutes|c__Clostridia|o__Clostridiales|f__Lachnospiraceae|g__Anaerostipes	k__Bacteria|p__Firmicutes|c__Clostridia|o__Clostridiales|f__Lachnospiraceae|g__Blautia	k__Bacteria|p__Firmicutes|c__Clostridia|o__Clostridiales|f__Lachnospiraceae|g__Butyrivibrio	k__Bacteria|p__Firmicutes|c__Clostridia|o__Clostridiales|f__Lachnospiraceae|g__Cellulosilyticum	k__Bacteria|p__Firmicutes|c__Clostridia|o__Clostridiales|f__Lachnospiraceae|g__Coprococcus	k__Bacteria|p__Firmicutes|c__Clostridia|o__Clostridiales|f__Lachnospiraceae|g__Dorea	k__Bacteria|p__Firmicutes|c__Clostridia|o__Clostridiales|f__Lachnospiraceae|g__Lachnospiraceae_noname	k__Bacteria|p__Firmicutes|c__Clostridia|o__Clostridiales|f__Lachnospiraceae|g__Marvinbryantia	k__Bacteria|p__Firmicutes|c__Clostridia|o__Clostridiales|f__Lachnospiraceae|g__Oribacterium	k__Bacteria|p__Firmicutes|c__Clostridia|o__Clostridiales|f__Lachnospiraceae|g__Roseburia	k__Bacteria|p__Firmicutes|c__Clostridia|o__Clostridiales|f__Lachnospiraceae|g__Shuttleworthia	k__Bacteria|p__Firmicutes|c__Clostridia|o__Clostridiales|f__Lachnospiraceae|g__Stomatobaculum	k__Bacteria|p__Firmicutes|c__Clostridia|o__Clostridiales|f__Oscillospiraceae|g__Oscillibacter	k__Bacteria|p__Firmicutes|c__Clostridia|o__Clostridiales|f__Peptostreptococcaceae|g__Peptostreptococcaceae_noname	k__Bacteria|p__Firmicutes|c__Clostridia|o__Clostridiales|f__Peptostreptococcaceae|g__Peptostreptococcus	k__Bacteria|p__Firmicutes|c__Clostridia|o__Clostridiales|f__Ruminococcaceae|g__Anaerotruncus	k__Bacteria|p__Firmicutes|c__Clostridia|o__Clostridiales|f__Ruminococcaceae|g__Faecalibacterium	k__Bacteria|p__Firmicutes|c__Clostridia|o__Clostridiales|f__Ruminococcaceae|g__Ruminococcaceae_noname	k__Bacteria|p__Firmicutes|c__Clostridia|o__Clostridiales|f__Ruminococcaceae|g__Ruminococcus	k__Bacteria|p__Firmicutes|c__Clostridia|o__Clostridiales|f__Ruminococcaceae|g__Subdoligranulum	k__Bacteria|p__Firmicutes|c__Erysipelotrichia|o__Erysipelotrichales|f__Erysipelotrichaceae|g__Catenibacterium	k__Bacteria|p__Firmicutes|c__Erysipelotrichia|o__Erysipelotrichales|f__Erysipelotrichaceae|g__Coprobacillus	k__Bacteria|p__Firmicutes|c__Erysipelotrichia|o__Erysipelotrichales|f__Erysipelotrichaceae|g__Erysipelotrichaceae_noname	k__Bacteria|p__Firmicutes|c__Erysipelotrichia|o__Erysipelotrichales|f__Erysipelotrichaceae|g__Holdemania	k__Bacteria|p__Firmicutes|c__Erysipelotrichia|o__Erysipelotrichales|f__Erysipelotrichaceae|g__Solobacterium	k__Bacteria|p__Firmicutes|c__Erysipelotrichia|o__Erysipelotrichales|f__Erysipelotrichaceae|g__Turicibacter	k__Bacteria|p__Firmicutes|c__Negativicutes|o__Selenomonadales|f__Acidaminococcaceae|g__Acidaminococcaceae_unclassified	k__Bacteria|p__Firmicutes|c__Negativicutes|o__Selenomonadales|f__Acidaminococcaceae|g__Acidaminococcus	k__Bacteria|p__Firmicutes|c__Negativicutes|o__Selenomonadales|f__Acidaminococcaceae|g__Phascolarctobacterium	k__Bacteria|p__Firmicutes|c__Negativicutes|o__Selenomonadales|f__Veillonellaceae|g__Anaeroglobus	k__Bacteria|p__Firmicutes|c__Negativicutes|o__Selenomonadales|f__Veillonellaceae|g__Dialister	k__Bacteria|p__Firmicutes|c__Negativicutes|o__Selenomonadales|f__Veillonellaceae|g__Megamonas	k__Bacteria|p__Firmicutes|c__Negativicutes|o__Selenomonadales|f__Veillonellaceae|g__Megasphaera	k__Bacteria|p__Firmicutes|c__Negativicutes|o__Selenomonadales|f__Veillonellaceae|g__Mitsuokella	k__Bacteria|p__Firmicutes|c__Negativicutes|o__Selenomonadales|f__Veillonellaceae|g__Selenomonas	k__Bacteria|p__Firmicutes|c__Negativicutes|o__Selenomonadales|f__Veillonellaceae|g__Veillonella	k__Bacteria|p__Fusobacteria|c__Fusobacteriia|o__Fusobacteriales|f__Fusobacteriaceae|g__Fusobacterium	k__Bacteria|p__Fusobacteria|c__Fusobacteriia|o__Fusobacteriales|f__Leptotrichiaceae|g__Leptotrichiaceae_unclassified	k__Bacteria|p__Proteobacteria|c__Alphaproteobacteria|o__Rhizobiales|f__Bartonellaceae|g__Bartonella	k__Bacteria|p__Proteobacteria|c__Alphaproteobacteria|o__Rhizobiales|f__Hyphomicrobiaceae|g__Hyphomicrobiaceae_unclassified	k__Bacteria|p__Proteobacteria|c__Alphaproteobacteria|o__Rhodobacterales|f__Rhodobacteraceae|g__Paracoccus	k__Bacteria|p__Proteobacteria|c__Betaproteobacteria|o__Burkholderiales|f__Alcaligenaceae|g__Bordetella	k__Bacteria|p__Proteobacteria|c__Betaproteobacteria|o__Burkholderiales|f__Burkholderiaceae|g__Burkholderia	k__Bacteria|p__Proteobacteria|c__Betaproteobacteria|o__Burkholderiales|f__Burkholderiaceae|g__Lautropia	k__Bacteria|p__Proteobacteria|c__Betaproteobacteria|o__Burkholderiales|f__Burkholderiales_noname|g__Burkholderiales_noname	k__Bacteria|p__Proteobacteria|c__Betaproteobacteria|o__Burkholderiales|f__Comamonadaceae|g__Comamonas	k__Bacteria|p__Proteobacteria|c__Betaproteobacteria|o__Burkholderiales|f__Oxalobacteraceae|g__Oxalobacter	k__Bacteria|p__Proteobacteria|c__Betaproteobacteria|o__Burkholderiales|f__Sutterellaceae|g__Parasutterella	k__Bacteria|p__Proteobacteria|c__Betaproteobacteria|o__Burkholderiales|f__Sutterellaceae|g__Sutterella	k__Bacteria|p__Proteobacteria|c__Betaproteobacteria|o__Burkholderiales|f__Sutterellaceae|g__Sutterellaceae_unclassified	k__Bacteria|p__Proteobacteria|c__Betaproteobacteria|o__Gallionellales|f__Gallionellaceae|g__Gallionellaceae_unclassified	k__Bacteria|p__Proteobacteria|c__Betaproteobacteria|o__Neisseriales|f__Neisseriaceae|g__Chromobacterium	k__Bacteria|p__Proteobacteria|c__Betaproteobacteria|o__Neisseriales|f__Neisseriaceae|g__Eikenella	k__Bacteria|p__Proteobacteria|c__Betaproteobacteria|o__Neisseriales|f__Neisseriaceae|g__Kingella	k__Bacteria|p__Proteobacteria|c__Betaproteobacteria|o__Neisseriales|f__Neisseriaceae|g__Neisseria	k__Bacteria|p__Proteobacteria|c__Deltaproteobacteria|o__Desulfovibrionales|f__Desulfovibrionaceae|g__Bilophila	k__Bacteria|p__Proteobacteria|c__Deltaproteobacteria|o__Desulfovibrionales|f__Desulfovibrionaceae|g__Desulfovibrio	k__Bacteria|p__Proteobacteria|c__Epsilonproteobacteria|o__Campylobacterales|f__Campylobacteraceae|g__Campylobacter	k__Bacteria|p__Proteobacteria|c__Gammaproteobacteria|o__Aeromonadales|f__Aeromonadaceae|g__Aeromonas	k__Bacteria|p__Proteobacteria|c__Gammaproteobacteria|o__Enterobacteriales|f__Enterobacteriaceae|g__Citrobacter	k__Bacteria|p__Proteobacteria|c__Gammaproteobacteria|o__Enterobacteriales|f__Enterobacteriaceae|g__Cronobacter	k__Bacteria|p__Proteobacteria|c__Gammaproteobacteria|o__Enterobacteriales|f__Enterobacteriaceae|g__Enterobacter	k__Bacteria|p__Proteobacteria|c__Gammaproteobacteria|o__Enterobacteriales|f__Enterobacteriaceae|g__Enterobacteriaceae_noname	k__Bacteria|p__Proteobacteria|c__Gammaproteobacteria|o__Enterobacteriales|f__Enterobacteriaceae|g__Escherichia	k__Bacteria|p__Proteobacteria|c__Gammaproteobacteria|o__Enterobacteriales|f__Enterobacteriaceae|g__Hafnia	k__Bacteria|p__Proteobacteria|c__Gammaproteobacteria|o__Enterobacteriales|f__Enterobacteriaceae|g__Klebsiella	k__Bacteria|p__Proteobacteria|c__Gammaproteobacteria|o__Enterobacteriales|f__Enterobacteriaceae|g__Morganella	k__Bacteria|p__Proteobacteria|c__Gammaproteobacteria|o__Enterobacteriales|f__Enterobacteriaceae|g__Pantoea	k__Bacteria|p__Proteobacteria|c__Gammaproteobacteria|o__Enterobacteriales|f__Enterobacteriaceae|g__Proteus	k__Bacteria|p__Proteobacteria|c__Gammaproteobacteria|o__Enterobacteriales|f__Enterobacteriaceae|g__Providencia	k__Bacteria|p__Proteobacteria|c__Gammaproteobacteria|o__Enterobacteriales|f__Enterobacteriaceae|g__Rahnella	k__Bacteria|p__Proteobacteria|c__Gammaproteobacteria|o__Enterobacteriales|f__Enterobacteriaceae|g__Raoultella	k__Bacteria|p__Proteobacteria|c__Gammaproteobacteria|o__Enterobacteriales|f__Enterobacteriaceae|g__Serratia	k__Bacteria|p__Proteobacteria|c__Gammaproteobacteria|o__Enterobacteriales|f__Enterobacteriaceae|g__Shigella	k__Bacteria|p__Proteobacteria|c__Gammaproteobacteria|o__Enterobacteriales|f__Enterobacteriaceae|g__Yersinia	k__Bacteria|p__Proteobacteria|c__Gammaproteobacteria|o__Pasteurellales|f__Pasteurellaceae|g__Actinobacillus	k__Bacteria|p__Proteobacteria|c__Gammaproteobacteria|o__Pasteurellales|f__Pasteurellaceae|g__Aggregatibacter	k__Bacteria|p__Proteobacteria|c__Gammaproteobacteria|o__Pasteurellales|f__Pasteurellaceae|g__Haemophilus	k__Bacteria|p__Proteobacteria|c__Gammaproteobacteria|o__Pseudomonadales|f__Moraxellaceae|g__Acinetobacter	k__Bacteria|p__Proteobacteria|c__Gammaproteobacteria|o__Pseudomonadales|f__Moraxellaceae|g__Enhydrobacter	k__Bacteria|p__Proteobacteria|c__Gammaproteobacteria|o__Pseudomonadales|f__Pseudomonadaceae|g__Pseudomonas	k__Bacteria|p__Proteobacteria|c__Gammaproteobacteria|o__Xanthomonadales|f__Sinobacteraceae|g__Sinobacteraceae_unclassified	k__Bacteria|p__Proteobacteria|c__Gammaproteobacteria|o__Xanthomonadales|f__Xanthomonadaceae|g__Wohlfahrtiimonas	k__Bacteria|p__Spirochaetes|c__Spirochaetia|o__Spirochaetales|f__Brachyspiraceae|g__Brachyspira	k__Bacteria|p__Spirochaetes|c__Spirochaetia|o__Spirochaetales|f__Spirochaetaceae|g__Treponema	k__Bacteria|p__Synergistetes|c__Synergistia|o__Synergistales|f__Synergistaceae|g__Fretibacterium	k__Bacteria|p__Synergistetes|c__Synergistia|o__Synergistales|f__Synergistaceae|g__Jonquetella	k__Bacteria|p__Synergistetes|c__Synergistia|o__Synergistales|f__Synergistaceae|g__Synergistes	k__Bacteria|p__Tenericutes|c__Mollicutes|o__Mycoplasmatales|f__Mycoplasmataceae|g__Ureaplasma	k__Bacteria|p__Verrucomicrobia|c__Verrucomicrobiae|o__Verrucomicrobiales|f__Verrucomicrobiaceae|g__Akkermansia
HSM67VDR_P	0.0	0.0	0.0	0.0	0.0	0.0	0.0	0.0	0.0	0.0	0.0	0.0	0.0	0.0002198	0.0	0.0	0.0019750999999999996	0.0	0.0	0.0	0.0	0.0002863	0.0	0.0	0.0	0.0	0.0	0.0	0.603264	0.0	0.0	0.0	0.0	0.0	0.00017490000000000002	0.0271527	0.0	0.0	0.146647	0.0	0.018859	0.0	0.0	0.0	0.0	0.0	0.0	0.0	0.0	0.0	0.0	0.0	0.0	0.0	0.0	0.0	0.0	0.0	0.0	0.0	0.0	0.0	0.0	5.7499999999999995e-05	0.0	0.0	0.0	0.0	0.0	0.0	0.0	0.0	0.0	0.0	0.0	0.011695700000000002	0.0002915	0.0031311	0.0	0.0	0.0006577000000000001	0.0015785	0.0011874000000000001	0.0	0.0	0.0873185	0.0	0.0	0.0005048	0.0003253	0.0	0.0	0.035854500000000004	0.0	0.0	0.012598200000000002	0.0	0.0	0.0	0.0	0.0	0.0004936	0.0	0.0	0.0	0.0	0.0011936	0.0	0.0	0.0	0.0	0.0014844	0.0	0.0	0.0	0.0	0.0	0.0	0.0	0.0	0.0	0.0	0.0	0.0	0.029544400000000002	0.0	0.0	0.0	0.0	0.0	0.0	7.64e-05	0.0	0.0	0.0	0.0	0.0	0.0	0.0	0.0003205	0.0	0.0	0.0	0.0	0.0	0.0	0.0	0.0	0.0	0.0	0.0	0.0001008	0.0	0.0127586	0.0	0.0	0.0	0.0	0.0	0.0	0.0	0.0	0.0	0.0	0.0	0.0
HSM6XRUL	0.0	0.0	0.0	0.0	0.0	0.0	0.0	0.0	0.0	0.0	0.0	2.8e-06	0.0	0.0	0.0	0.0	7.08e-05	0.0	0.0	0.0	0.0	6.56e-05	0.0	0.0	0.0	0.0	0.0	0.0	0.703303	0.0	0.0	0.0	0.0	0.0	0.010340799999999999	0.019853	0.0	0.0	0.0348484	0.0	0.14172300000000002	0.0	0.0	0.0	0.0	0.0	0.0	0.0	0.0	0.0	0.0	0.0	0.0	0.0	0.0	0.0	0.0	0.0	0.0	0.0	0.0	0.0	0.0	5.08e-05	0.0	0.0	0.0	0.0	0.0	0.0	0.0	0.0	0.00019350000000000001	0.0	0.0	0.0136714	0.0	0.0041242	0.0	0.0	0.0001976	0.0005294	0.0004953000000000001	0.0	0.0	0.010155599999999999	0.0	0.0	0.0011359000000000002	0.0	0.0	7.879999999999999e-05	0.0251088	3.82e-05	0.0	0.0089127	0.0	0.0	0.0	0.0	0.0	0.0	0.0	0.0	0.0	0.0	0.0006582000000000001	0.0	0.0	0.0	0.0	0.001541	0.0	0.0	0.0	0.0	0.0	0.0	0.0	0.0	0.0	0.0	0.0	0.0	0.012135600000000002	0.0	0.0	0.0	0.0	0.0	0.0	0.0004581	0.0	0.0	0.0	0.0	0.0	0.0	0.0	0.0004249	0.0	0.0	0.0	0.0	0.0	0.0	0.0	0.0	0.0	0.0	0.0	4.93e-05	9.699999999999999e-06	0.0098232	0.0	0.0	0.0	0.0	0.0	0.0	0.0	0.0	0.0	0.0	0.0	0.0
HSM6XRUN	0.0	0.0	0.0	0.0	0.0	0.0	0.0	0.0	0.0	0.0	0.0	0.0	0.0	0.0001146	0.0	0.0	0.0006322999999999999	0.0	0.0	0.0	0.0	3.35e-05	0.0	0.0	0.0	0.0	0.0	0.0	0.6454880000000001	0.0	0.0	0.0	0.0	0.0	0.005285	0.0075514	0.0	0.0	0.153275	0.0	0.0589735	0.0	0.0	0.0	0.0	0.0	0.0	0.0	0.0	0.0	0.0	0.0	0.0	0.0	0.0	0.0	0.0	0.0	0.0	0.0	7.45e-05	0.0	0.0	4.59e-05	0.0	0.0	0.0	0.0	0.0	0.0	0.0	0.0	0.0	0.0	0.0	0.0183628	0.0	0.0007314	0.0	0.0	3.37e-05	0.0009173	0.000513	0.0	0.0	0.0548763	0.0	0.0	0.0008124	0.0	0.0	0.0	0.0375115	0.0	0.0	0.0034949	0.0	0.0	0.0	0.0	0.0	0.0	0.0	0.0	0.0	0.0	0.0005882999999999999	0.0	0.0	0.0001733	0.0	0.0	0.0	0.0	0.0	0.0	0.0	0.0	0.0	0.0	0.0	0.0	0.0	0.0	0.009251299999999999	0.0	0.0	0.0	0.0	0.0	0.0	0.0001934	0.0	0.0	0.0	0.0	0.0	0.0	0.0	0.00017590000000000002	0.0	0.0	0.0	0.0	0.0	0.0	0.0	0.0	0.0	0.0	0.0	0.0	0.0	0.0008914	0.0	0.0	0.0	0.0	0.0	0.0	0.0	0.0	0.0	0.0	0.0	0.0
HSM6XRUR	0.0	0.0	0.0	0.0	0.0	0.0	0.0	0.0	0.0	0.0	0.0	0.0	0.0	0.0	0.0	0.0	0.0002454	0.0	0.0	0.0	0.0	4.57e-05	0.0	0.0	0.0	0.0	0.0	0.0	0.13780499999999998	0.0001165	0.0065884	0.0	0.0	0.0	0.0	0.0026984	0.0	0.0	0.0154277	0.742188	0.0035071	0.0	0.0	0.0	0.0	0.0	0.0	0.0	0.0	0.0	0.0	0.0	0.0	0.0	0.0	0.0	0.0	0.0	0.0	0.0	2.55e-05	0.0	0.0	0.0	0.0	0.0	0.0	0.0	0.0	0.0	0.0	0.0	0.0	0.0	0.0	0.007568200000000001	0.0	0.0018379000000000002	0.0	0.0	0.0	0.00047999999999999996	0.0003575	0.0	0.0	0.0059586000000000005	0.0	0.0	0.0002636	0.00020569999999999999	0.0	0.0	0.0466518	3.59e-05	0.0011774	0.016289500000000002	0.0	0.0	0.0	0.0	0.0	3.34e-05	0.0	0.0	0.0025464000000000003	0.0	0.0001805	0.0	0.0	0.0	0.0	0.0	0.0	0.0	0.0	0.0	0.0	0.0	0.0	0.0	0.0	0.0	0.0	0.0	0.0035302	0.0	0.0	0.0	0.0	0.0	0.0	9.6e-06	0.0	0.0	0.0	0.0	0.0	0.0	0.0	0.0	0.0	0.0	0.0	0.0	0.0	0.0	0.0	0.0	0.0	0.0	0.0	0.0	0.0	0.00022440000000000003	0.0	0.0	0.0	0.0	0.0	0.0	0.0	0.0	0.0	0.0	0.0	0.0012514000000000002
HSM6XRQ8	0.0	0.0	0.0	0.0	0.0	0.0	0.0	0.0	0.0	0.0	0.0	0.0	0.0	0.0	0.0	0.0	0.0021723000000000003	0.0	0.0	0.0	0.0	6.29e-05	0.0	0.0	0.0	0.0	0.0	0.0	0.266301	0.0001644	0.0070487	0.0	1.99e-05	0.0	0.0	0.0061563	0.0	0.0	0.008950299999999998	0.472312	0.0062388999999999995	0.0	0.0	0.0	0.0	0.0	0.0	0.0	0.0	0.0	0.0	0.0	0.0	0.0	0.0	0.0	0.0	0.0	0.0	0.0	0.0	0.0	0.0	0.0	0.0	0.0	0.0	0.0	0.0	0.0	0.0	0.0	0.0	0.0	0.0	0.0143796	0.0	0.0018554	0.0	0.0	0.0001139	0.0010195	0.0016801	0.0	0.0	0.0332413	0.0	0.0	0.00064	0.0005493	0.0	0.0	0.11218499999999999	0.0	0.013934299999999998	0.0320497	0.0	0.0	0.0	0.0	0.0	0.0001422	0.0	0.0	0.0078796	0.0	0.0	0.0	0.0	0.0	0.0	0.0003815	0.0	0.0	0.0	0.0	0.0	0.0	0.0	0.0	0.0	0.0	0.0	0.0	0.0014044	0.0030862	0.0	0.0	0.0	0.0	0.0	0.00029810000000000004	3.8299999999999996e-05	0.0	0.0	0.0	0.0	0.0	0.0	0.0	0.0	0.0	0.0	0.0	0.0	0.0	0.0	0.0	0.0	0.0	0.0	0.0	0.0	0.0021183000000000005	0.0	0.0	0.0	0.0	0.0	0.0	0.0	0.0	0.0	0.0	0.0	0.0029641999999999997
HSM7CZ16	0.0	0.0	0.0	0.0	0.0	0.0	0.0	0.0	0.0	0.0	0.0	0.0	0.0	0.0006799999999999999	0.0	0.0	0.0030529	0.0	0.0	0.0	0.0	0.0001893	0.0	0.0	0.0	0.0	0.0	0.0	0.148701	0.0	0.0034045	0.0	0.0	0.0	0.0	0.0098819	0.0	0.0	0.0021421	0.46143999999999996	0.014020099999999999	0.0	0.0	0.0	0.0	0.0	0.0	0.0	0.0	0.0	0.0	0.0	0.0	0.0	0.0	0.0	0.0	0.0	0.0	0.0	0.0003337	0.0	0.0	2.49e-05	0.0	0.0	0.0	0.0	0.0	0.0	0.0	0.0	0.0	0.0	0.0	0.0844699	0.0007373999999999999	0.030079	0.0	0.0	0.0045497	0.0208012	0.0019905	0.0	0.0	0.0082745	0.0	0.0	0.0006439	0.0055357	0.0	0.0002682	0.101107	3.3100000000000005e-05	0.0	0.006372	0.0	5.5700000000000005e-05	0.0	0.0	0.0	0.0021166	0.0	0.0	0.059211099999999996	0.0	0.0	0.0	0.0	0.0	0.0	0.0053479	0.000357	0.0	0.0	0.0	0.0	0.0	0.0	0.0	0.0	0.0	0.0	0.0	0.0004436	0.003276	0.0	0.0	0.0	0.0	0.0	0.0019695	0.0008695	0.0	0.0	0.0	0.0	0.0	0.0	0.0023466999999999997	0.0	0.0	0.0	0.0	0.0	0.0	0.0	0.0	0.0	0.0	0.0	0.0	0.0	0.0069242999999999996	0.0	0.0	0.0	0.0	0.0	0.0	0.0	0.0	0.0	0.0	0.0	0.0083498
HSM7CZ18	0.0	0.0	0.0	0.0	0.0	0.0	0.0	0.0	0.0	0.0	0.0	0.0	0.0	0.0	0.0	0.0	0.017196	0.0	0.0	0.0	0.0	0.0029544000000000003	0.0	0.0	0.0	0.0	0.0	0.0	0.382308	0.0004128	0.0077946	0.0	8.36e-05	0.0	0.0083738	0.0234023	0.0	0.0	0.014844799999999998	0.08651139999999999	0.0509044	0.0	0.0	0.0	0.0	0.0	0.0	0.0	0.0	0.0	0.0	0.0	0.0	0.0	0.0	0.0	0.0	0.0	0.0	7.120000000000001e-05	0.0	0.0	0.0	0.021776499999999997	0.0	0.0	0.0	0.0	0.0	0.0	0.0	0.0	5.93e-05	0.0	0.0	0.0530876	0.00022769999999999998	0.005453100000000001	0.0	0.0	0.0007042999999999999	0.011495700000000001	0.0047085	0.0	0.0	0.0016684999999999998	0.0	0.0	0.0018277999999999999	0.0001607	0.0	0.0004083	0.17810399999999998	0.0005497999999999999	0.0	0.0152874	0.0	0.0	0.0	0.00022430000000000003	0.0	0.0001485	0.0	0.0	0.054792499999999994	0.0	0.0	0.0	0.0015622	0.0	0.0	9.17e-05	0.0	0.0	0.0	0.0	0.0	0.0	0.0	0.0	8.759999999999999e-05	0.0	0.0	0.0001662	0.009651	0.006858800000000001	0.0	0.0	0.0	0.0	0.0	0.0052317	0.0033496000000000003	0.0	0.0	0.0	0.0	0.0	0.0	0.0016397000000000002	0.0	0.0	0.0	0.0	0.0	0.0	0.0	0.0	0.0	0.0	0.0	0.0	0.0	0.000377	0.0	0.0	0.0	0.0	0.0	0.0	0.0	0.0	0.0	0.0	0.0	0.0243522
HSM7CZ1A	0.0	0.0	0.0	0.0	0.0	0.0	0.0	0.0	0.0	0.0	0.0	0.0	0.0	0.0	0.0	0.0	0.006310100000000001	0.0	0.0	0.0	0.0	0.0010314999999999999	0.0	0.0	0.0	0.0	1.55e-05	0.0	0.47331899999999993	0.0012114	0.0269822	0.0	0.0003269	0.0	0.0084442	0.031529400000000006	0.0001431	0.0	0.0225838	0.06776289999999999	0.041701300000000004	0.0	0.0	0.0	0.0	0.0	0.0	0.0	0.0	0.0	0.0	0.0	0.0	0.0	0.0	0.0	0.0	0.0	0.0	6.5000000000000004e-06	0.0001649	0.0	0.0	0.0067441	0.0	0.0	0.0	0.0	0.0	0.0	0.0	0.0	7.43e-05	0.0	0.0	0.105843	0.00038710000000000003	0.0148655	0.0	0.0	0.00043630000000000003	0.0030458	0.0020314	0.0	0.0	0.0003258	0.0	0.0	0.0013335999999999999	1.6e-05	0.0	7.209999999999999e-05	0.074258	0.0	0.0	0.025304	0.0	0.006543800000000001	7.2e-05	9.240000000000001e-05	0.0	0.0	0.0	0.0	0.017602700000000002	0.0	0.0	0.0	0.0017170999999999998	0.0	0.0	0.0002064	0.0	0.0	0.0	0.0	0.0	0.0	0.0	0.0	6.77e-05	0.0	0.0	2.51e-05	0.0102216	0.0	0.0	0.0	0.0	0.0	0.0	0.0010663	0.0006506	0.0	0.0	0.0	0.0	0.0	0.0	0.0012487	0.0	0.0	0.0	0.0	0.0	0.0	0.0	0.0	0.0	0.0	0.0	0.0	0.0	0.0019484	0.0	0.0	0.0	0.0	0.0	0.0	0.0	0.0	0.0	0.0	0.0	0.042236300000000004
HSM7CZ1C	5.04e-05	0.0	0.0	0.0	0.0	0.0	0.0	0.0	0.0	0.0	0.0	0.0	0.0	0.0	0.0	0.0	0.0170614	0.0	0.0	2.9100000000000003e-05	0.0	0.0031844	0.0	0.0	0.0	0.0	5.14e-05	0.0	0.42613	0.0	0.063853	0.0	0.0	0.0	0.0275813	0.049557	0.0084324	0.0	0.0022730999999999997	0.0009566	0.18951600000000002	0.0	0.0	4.1899999999999995e-05	0.0	0.0	0.0	0.0	0.0	0.0	0.0	0.0	0.0	0.0	0.0	0.0	0.0	0.0	0.0	0.0	0.0	0.0	2.2800000000000002e-05	0.0018968	0.0	0.0	0.0	0.0	0.0	0.0	0.0	0.00010490000000000002	0.0	4.1e-06	0.0	0.04050019999999999	0.000167	0.0081395	0.0	0.0	0.0037075000000000003	0.0031087	0.0004553	0.0	0.0	0.0005499	0.0	0.0	0.0032101	0.0	0.0	0.0008212	0.0879913	1.25e-05	0.011169	0.0278981	0.0005848	0.0	0.0005122999999999999	0.00012119999999999999	0.0	0.0	0.0	0.0	0.0	0.0	0.0	0.0	0.0	0.0	0.0	5.2e-06	0.0	0.0	0.0	0.0	0.0	0.0	0.0	0.0	9.7e-05	0.0	4.3700000000000005e-05	2.0600000000000003e-05	0.0028355	0.0	0.0	0.0	0.0	0.0	0.0	0.0011918	0.000181	0.00019409999999999997	0.0	0.0	0.0	0.0	0.0	0.00033289999999999996	0.0	0.0	0.0	0.0	0.0	0.0	0.0	0.0	0.0	0.0	0.0	0.0	0.0	0.0	0.0	0.0	0.0	0.0	0.0	0.0	0.0	0.0	0.0	0.0	0.0	1.12e-05
HSM7CZ1E	0.0	0.0	0.0	0.0	0.0	0.0	0.0	0.0	0.0	0.0	0.0	0.0	0.0	0.0	0.0	0.0	0.0010294	0.0	0.0	0.0	0.0	0.0007396	0.0	0.0	0.0	0.0	0.0	0.0	0.186911	0.00010149999999999999	0.0046554	0.0	8.62e-05	0.0	0.0	0.0107015	3.64e-05	0.0	0.0028164	0.692477	0.0049052	0.0	0.0	0.0	0.0	0.0	0.0	0.0	0.0	0.0	0.0	0.0	0.0	0.0	0.0	0.0	0.0	0.0	0.0	0.0	3.7000000000000006e-06	0.0	0.0	7.000000000000001e-06	0.0	0.0	0.0	0.0	0.0	0.0	0.0	0.0	0.0	0.0	0.0	0.0090062	0.0001222	0.0023829	0.0	0.0	1.8e-05	0.0008109	3.98e-05	0.0	0.0	0.0011612	0.0	0.0	0.0005038	0.0	0.0	0.0	0.042494199999999996	0.0	0.0	0.007431	0.0	0.0	0.0	0.0	0.0	0.0	0.0	0.0	0.0186329	0.0	0.0	0.0	0.0	0.0	0.0	0.0006933	0.0	0.0	0.0	0.0	0.0	0.0	0.0	0.0	0.0	0.0	0.0	0.0	0.0067415999999999995	1.1e-05	0.0	0.0	0.0	0.0	0.0	0.0	0.000183	0.0	0.0	0.0	0.0	0.0	0.0	0.0	0.0	0.0	0.0	0.0	0.0	0.0	0.0	0.0	0.0	0.0	0.0	6.52e-05	0.0	0.0030113	0.0	0.0	0.0	0.0	0.0	0.0	0.0	0.0	0.0	0.0	0.0	0.0022205
HSM7CZ1G	0.0	0.0	0.0	0.0	0.0	0.0	0.0	0.0	0.0	0.0	0.0	0.0	0.0	0.0	0.0	0.0	0.0031107	0.0	0.0	0.0	0.0	0.0001776	0.0	0.0	0.0	0.0	0.0	0.0	0.240425	0.00045089999999999996	0.0100421	0.0	5.429999999999999e-05	0.0	0.0016707999999999998	0.011068000000000001	0.0	0.0	0.0045433999999999995	0.455287	0.018902099999999998	0.0	0.0	0.0	0.0	0.0	0.0	0.0	0.0	0.0	0.0	0.0	0.0	0.0	0.0	0.0	0.0	0.0	0.0	0.0	0.0	0.0	0.0	0.0004357	0.0	0.0	0.0	0.0	0.0	0.0	0.0	0.0	5.31e-05	0.0	0.0	0.0719674	0.0003987	0.009829899999999999	0.0	0.0	0.0001453	0.0011488	0.0035713	0.0	0.0	0.003948699999999999	0.0	0.0	0.0032327	0.0	0.0	0.00012890000000000002	0.100489	0.0	0.0	0.021111599999999998	0.0	0.0	0.0	9.37e-05	0.0	0.0	0.0	0.0	0.0101042	0.0	0.0	0.0	0.0002721	0.0	0.0	0.0004122	0.0	0.0	0.0	0.0	0.0	0.0	0.000266	0.0	0.0	0.0	0.0	0.0	0.0032729	0.0053	0.0	0.0	0.0	0.0	0.0	0.0009198	0.00037119999999999997	0.0	0.0	0.0	0.0	0.0	0.0	0.0010064	0.0	0.0	0.0	0.0	0.0	0.0	0.0	0.0	0.0	0.0	0.0	0.0	0.0	0.0013191	0.0	0.0	0.0	0.0	0.0	0.0	0.0	0.0	0.0	0.0	0.0	0.0144691
HSM7J4HA	0.0	0.0	0.0	0.0	0.0	0.0	0.0	0.0	0.0	0.0	0.0	0.0	0.0	0.0	0.0	0.0	0.0015245999999999999	0.0	0.0	0.0	0.0	0.00042669999999999996	0.0	0.0	0.0	0.0	0.0	0.0	0.378537	0.0011862	0.013533100000000001	0.0	0.0005702999999999999	0.0	0.004622	0.030759300000000003	0.0	0.0	0.0086376	0.19608599999999998	0.0418275	0.0	0.0	0.0	0.0	0.0	0.0	0.0	0.0	0.0	0.0	0.0	0.0	0.0	0.0	0.0	0.0	0.0	0.0	0.0	0.00024849999999999997	0.0	0.0	0.004767100000000001	0.0	0.0	0.0	0.0	0.0	0.0	0.0	0.0	0.0002615	0.0	0.0	0.016931	0.0	0.0054713	0.0	0.0	0.00014450000000000002	0.0029987	0.0018248000000000001	0.0	0.0	0.0056356999999999996	0.0	0.0	0.0011049	0.00029	0.0	0.0002889	0.198371	0.0	0.0	0.0173517	0.0	0.0	0.0	4.55e-05	0.0	0.0	0.0	3.76e-05	0.0342463	0.0	0.0	0.0	0.0003553	0.0	0.0	0.0001995	0.0	0.0	0.0	0.0	0.0	0.0	0.0006041	0.0	0.0	0.0	0.0	0.0	0.0021488	0.010293	0.0	0.0	0.0	0.0	0.0	0.0013587999999999999	0.0003151	0.0	0.0	0.0	0.0	0.0	0.0	0.0010477	0.0	0.0	0.0	0.0	0.0	0.0	0.0	0.0	0.0	0.0	0.0	0.0	0.0	0.0006428	0.0	0.0	0.0003421	0.0	0.0	0.0	0.0	0.0	0.0	0.0	0.0	0.014964600000000002
HSM7J4HC	0.0	0.0	0.0	0.0	0.0	0.0	0.0	0.0	0.0	0.0	0.0	0.0	0.0	0.0	0.0	0.0	0.0013139	0.0	0.0	0.0	0.0	0.000359	0.0	0.0	0.0	0.0	0.0	0.0	0.584673	0.0006940000000000001	0.032757299999999996	0.0	0.0010077	0.0	0.0072023	0.032518200000000004	0.0	0.0	0.0104416	0.133742	0.0580971	0.0	0.0	0.0	0.0	0.0	0.0	0.0	0.0	0.0	0.0	0.0	0.0	0.0	0.0	0.0	0.0	0.0	0.0	0.0	0.00029319999999999997	0.0	0.0	0.00028460000000000003	0.0	0.0	0.0	0.0	0.0	0.0	0.0	0.0	0.00015230000000000002	0.0	0.0	0.012955000000000001	0.00021719999999999997	0.0039493	8.640000000000001e-05	0.0	0.00025019999999999996	0.0022854	0.00047880000000000004	0.0	0.0	0.0005914	0.0	0.0	0.0012946	0.0	0.0	8.35e-05	0.0354944	0.0	0.0	0.0049281	0.0	0.0	0.0	0.0	0.0	0.0	0.0	2.5e-05	0.0213249	0.0	0.0	0.0	0.0	0.0	0.0	6.709999999999999e-05	0.0	0.0	0.0	0.0	0.0	0.0	0.0	0.0	0.0	0.0	0.0	0.0	0.004688	0.0067116	0.0	0.0	0.0	0.0	0.0	0.0015425	0.0006897	0.0	0.0	0.0	0.0	0.0	0.0	0.00022109999999999998	0.0	0.0	0.0	0.0	0.0	0.0	0.0	0.0	0.0	0.0	0.0	0.0	0.0	0.000233	0.0	0.0	0.0	0.0	0.0	0.0	0.0	0.0	0.0	0.0	0.0	0.038346899999999996
HSM7J4HE	0.0	0.0	0.0	0.0	0.0	0.0	0.0	0.0	0.0	0.0	0.0	0.0	0.0	0.0	0.0	0.0	0.0002481	0.0	0.0	0.00020299999999999997	0.0	0.00017680000000000001	0.0	0.0	0.0	0.0	0.0	0.0	0.264031	8.840000000000001e-05	0.0068661	0.0	0.0001393	0.0	0.0	0.0233654	0.0	0.0	0.0078016000000000005	0.550559	0.0124523	0.0001075	0.0	0.0	0.0	0.0	0.0	0.0	0.0	0.0	0.0	0.0	0.0	0.0	0.0	0.0	0.0	0.0	0.0	0.0	0.0	0.0	0.0	0.0028159	0.0	0.0	0.0	0.0	0.0	0.0	0.0	0.0	6.29e-05	0.0	0.0	0.017812900000000003	0.00038139999999999995	0.0019608	0.0	0.0	6.56e-05	0.0060536	0.000599	0.0	0.0	0.0007754	0.0	0.0	0.0007506	0.0005637000000000001	0.0	0.0	0.0424338	0.0	0.0	0.0062042	0.0	0.0	0.0	1.73e-05	0.0	7.6e-06	0.0	3.07e-05	0.0398233	0.0	0.0	0.0	0.0	0.0	0.0	0.0	0.0	0.0	0.0	0.0	0.0	0.0	0.0	0.0	0.0	0.0	0.0	0.0	0.0021467	0.0072729	0.0	0.0	0.0	0.0	0.0	0.00047089999999999995	0.00035	0.0	0.0	0.0	0.0	0.0	0.0	0.0001234	0.0	0.0	0.0	0.0	0.0	0.0	0.0	0.0	0.0	0.0	0.0	0.0	0.0	0.0003005	0.0	0.0	0.0	0.0	0.0	0.0	0.0	0.0	0.0	0.0	0.0	0.0029394
HSM7J4HG	0.0	0.0	0.0	0.0	0.0	0.0	0.0	0.0	0.0	0.0	0.0	2.54e-05	0.0	0.0	0.0	0.0	0.0036226999999999995	0.0	0.0	0.0	0.0	0.0006706	0.0	0.0	0.0	0.0	0.0	0.0	0.42154300000000006	0.00029330000000000003	0.0032946	0.0	0.0	0.0	0.0022943	0.0481642	0.0	0.0	0.027948200000000003	0.114389	0.025671199999999998	0.0	0.0	0.0	0.0	0.0	0.0	0.0	0.0	0.0	0.0	0.0	0.0	0.0	0.0	0.0	0.0	0.0	0.0	0.0	0.0002798	0.0	0.0	0.009572	0.0	0.0	0.0	0.0	0.0	0.0	0.0	0.0	4.47e-05	0.0	0.0	0.0277642	0.0003067	0.0080714	0.0	0.0	0.0003323	0.0034289000000000004	0.001489	0.0	0.0	0.0026639	0.0	0.0	0.0014174	0.0009387	0.0	0.0	0.151369	0.0	0.0	0.014582499999999998	0.0	0.0	0.0	0.0001686	0.0	0.0	0.0	0.0	0.032792699999999994	0.0	0.0	0.0	0.0	0.0001508	0.0	0.0258861	0.0	0.0	0.0	0.0	0.0	0.0	0.0	0.0	0.0	0.0	0.0	0.0	0.0061151	0.0160324	0.0	0.0	0.0	0.0	0.0	0.0021015	0.0007987000000000001	0.0	0.0	0.0	0.0	0.0	0.0	0.0048468999999999995	0.0	0.0	0.0	0.0	0.0	0.0	0.0	0.0	0.0	0.0	0.0	9e-05	0.0	0.030854000000000003	0.0	0.0	0.0	0.0	0.0	0.0	0.0	0.0	0.0	0.0	0.0	0.0099863
HSM7J4HI	0.0	0.0	0.0	0.0	0.0	0.0	0.0	0.0	0.0	0.0	0.0	0.0	0.0	0.0	5.0999999999999995e-06	0.0	0.0009052	0.0	0.0	0.0	0.0	0.00042469999999999997	0.0	0.0	0.0	0.0	0.0	0.0	0.504035	0.0013067999999999999	0.016792500000000002	0.0	0.00059	0.0	0.0052053	0.0254722	0.0	0.0	0.0095949	0.142428	0.0383579	0.0	0.0	0.0	0.0	0.0	0.0	0.0	0.0	0.0	0.0	0.0	0.0	0.0	0.0	0.0	0.0	0.0	0.0	0.0	0.0	0.0	0.0	0.000106	0.0	0.0	0.0	0.0	0.0	0.0	0.0	0.0	0.0001818	0.0	0.0	0.039408099999999995	0.0	0.0055494	0.0	0.0	0.0	0.0016002	0.0005541000000000001	0.0	0.0	0.0058835	0.0	0.0	0.0016823	0.0007183	0.0	0.0002625	0.114746	0.0	0.0	0.0188145	0.0	0.0	0.0	2.01e-05	0.0	0.0011904	0.0	0.0	0.0269061	0.0	0.0	0.0	0.0	0.0	0.0	3.39e-05	0.0066575	0.0	0.0	0.0	0.0	0.0	0.0	0.0	0.0	0.0	0.0	0.0	0.0037530000000000003	0.0026322	0.0	0.0	0.0	0.0	0.0	0.002805	0.0009311	0.0	0.0	0.0	0.0	0.0	0.0	0.0004718	0.0	0.0	0.0	0.0	0.0	0.0	0.0	0.0	0.0	0.0	0.0	0.0	0.0	0.0011772	0.0	0.0	0.0	0.0	0.0	0.0	0.0	0.0	0.0	0.0	0.0	0.018688
HSM7J4HK	0.0	0.0	0.0	0.0	0.0	0.0	0.0	0.0	0.0	0.0	0.0	0.0	0.0	0.0	0.0	0.0	0.0019458	0.0	0.0	0.0	0.0	0.0002222	0.0	0.0	0.0	0.0	0.0	0.0	0.513901	0.0018165	0.029301900000000002	0.0	0.0011912000000000001	0.0	0.0083818	0.0120552	0.0	0.0	0.0575775	0.0475071	0.057790999999999995	0.0	0.0	0.0	0.0	0.0	0.0	0.0	0.0	0.0	0.0	0.0	2.34e-05	0.0	0.0	0.0	0.0	0.0	0.0	0.0	0.001545	0.0	0.0	0.01265	0.0	0.0	0.0	0.0	0.0	0.0	0.0	4.3e-05	8.379999999999999e-05	0.0	0.0	0.032423900000000005	0.0	0.0079399	0.0	0.0	0.0003196	0.0024846	0.000151	0.0	0.0	0.0008164	0.0	0.0	0.0037566	0.00043439999999999993	0.0	0.0002028	0.06766119999999999	0.0	0.0	0.0197385	0.0	0.0	5.31e-05	4.9000000000000005e-06	0.0	0.0003793	0.0	6.56e-05	0.028843599999999997	0.0	0.0	0.0	0.0	0.0	0.0	0.0002806	0.0004369	0.0	0.0	0.0	0.0	0.0	0.0	0.0	0.0	0.0	0.0	0.0	0.0015798	0.0179871	0.0	0.0	0.0	0.0	0.0	0.004347	0.0009603	0.0	0.0	0.0	0.0	0.0	0.0	0.0012356	0.0	0.0	0.0	0.0	0.0	0.0	0.0	0.0	0.0	0.0	0.0	0.0	0.0	0.0002251	0.0	0.0	0.0	0.0	0.0	0.0	0.0	0.0	0.0	0.0	0.0	0.061636
HSM7J4KC	0.0	0.0	0.0	0.0	0.0	0.0	0.0	0.0	0.0	0.0	0.0	0.0	0.0	0.0	0.0	0.0	0.0005704	0.0	0.0	0.0	0.0	0.00024670000000000003	0.0	0.0	0.0	0.0	0.0	0.0	0.225963	0.0005105	0.0063269	0.0	7.890000000000001e-05	0.0	0.0	0.008425700000000001	0.0	0.0	0.0045745	0.624043	0.0101481	0.0	0.0	0.0	0.0	0.0	0.0	0.0	0.0	0.0	0.0	0.0	0.0	0.0	0.0	0.0	0.0	0.0	0.0	0.0	0.0	0.0	0.0	0.0003232	0.0	0.0	0.0	0.0	0.0	0.0	0.0	0.0	0.0	0.0	0.0	0.0173122	3.8900000000000004e-05	0.0050684	0.0	0.0	2.7399999999999995e-05	0.0007316	0.0	0.0	0.0	8.7e-05	0.0	0.0	0.00015419999999999998	0.0	0.0	0.0	0.059905099999999996	0.0	0.0	0.0094809	0.0	0.0001	0.0	0.0	0.0	6.69e-05	0.0	1.84e-05	0.0067298	0.0	0.0	0.0	0.0	0.0	0.0	7.6e-06	0.0031065999999999997	0.0	0.0	0.0	0.0	0.0	0.0	0.0	0.0	0.0	0.0	0.0	0.0092661	0.0	0.0	0.0	0.0	0.0	0.0	0.000271	0.0	0.0	0.0	0.0	0.0	0.0	0.0	0.0060097	0.0	0.0	0.0	0.0	0.0	0.0	0.0	0.0	0.0	0.0	0.0	0.0	0.0	0.00014140000000000002	0.0	0.0	0.0	0.0	0.0	0.0	0.0	0.0	0.0	0.0	0.0	0.0002653
HSM7J4KG	0.0	0.0	0.0	0.0	0.0	0.0	0.0	0.0	0.0	0.0	0.0	0.0	0.0	0.0	0.0	0.0	0.0015312000000000001	0.0	0.0	0.0	0.0	0.0004874	0.0	0.0	0.0	0.0	0.0	0.0	0.341281	0.0005886	0.008461399999999999	0.0	0.0	0.0	0.0063352	0.0178594	0.0	0.0	0.0092315	0.281901	0.0631568	0.0	0.0	0.0	0.0	0.0	0.0	0.0	0.0	0.0	0.0	0.0	0.0	0.0	0.0	0.0	0.0	0.0	0.0	0.0	8.2e-05	0.0	0.0	0.0004705	0.0	0.0	0.0	0.0	0.0	0.0	0.0	0.0	5.01e-05	0.0	0.0	0.0258553	0.0	0.00446	0.0	0.0	0.0001075	0.0037044000000000005	0.0012992000000000001	0.0	0.0	0.0171269	0.0	0.0	0.0011534000000000002	0.00024219999999999998	0.0	0.00015859999999999998	0.0950442	0.0	0.0	0.0105843	0.0	0.0	0.0	0.0001982	0.0	0.0	0.0	0.0	0.039907599999999994	0.0	0.0	0.0	0.0	0.0	0.0	0.0011665	0.0291395	0.0	0.0	0.0	0.0	0.0	0.0	0.0	0.0	0.0	0.0	0.0	0.0182356	0.0	0.0	0.0	0.0	0.0	0.0	0.0036491999999999996	0.0026236000000000002	0.0	0.0	0.0	0.0	0.0	0.0	0.0	0.0	0.0	0.0	0.0	0.0	0.0	0.0	0.0	0.0	0.0	0.0	0.0001985	0.0	0.0063863	0.0	0.0	0.0	0.0	0.0	0.0	0.0	0.0	0.0	0.0	0.0	0.0072234
HSM7J4KI	0.0	0.0	0.0	0.0	0.0	0.0	0.0	0.0	0.0	0.0	0.0	0.0002035	0.0	0.0	0.0	0.0	0.0032555	0.0	0.0	0.0	0.0	0.0013589000000000001	0.0	0.0	0.0	0.0	0.0	0.0	0.526306	0.0013852	0.017477799999999998	0.0	0.0001827	0.0	0.0053996	0.0417444	0.0001155	0.0	0.0237857	0.0026413	0.0497082	0.0	0.0	0.0	0.0	0.00012030000000000001	0.0	0.0	0.0	0.0	0.0	0.0	0.0	0.0	0.0	0.0	0.0	0.0	0.0	0.0	0.0028778000000000002	0.0	0.0	0.017344099999999998	0.0	0.0	0.0	0.0	0.0	0.0	0.0	0.0	1.66e-05	0.0	0.0	0.0163325	0.00010759999999999999	0.0159756	0.0	0.0	0.0006207000000000001	0.0036555999999999997	0.0015427	0.0	0.0	0.0025186	0.0	0.0	0.0016811	0.0006352	0.0	2.8800000000000002e-05	0.13414600000000002	0.0	0.00011379999999999999	0.020618900000000003	0.0	0.0029846	1.5399999999999998e-05	0.00011220000000000002	0.0	0.0	0.0	0.0	0.0071226	0.0	0.0	0.0	0.0	0.0	0.0	2.4299999999999998e-05	5.9499999999999996e-05	0.0	0.0	0.0	0.0	0.0	0.0	0.0	0.0	0.0	0.0	0.0	0.0099954	0.0	0.0	0.0	0.0	0.0	0.0	0.0021620000000000003	0.0010168	0.0	0.0	0.0	0.0	0.0	0.0	0.0028163	0.0	0.0	0.0	0.0	0.0	0.0	0.0	0.0	0.0	0.0	0.0	0.0	0.0	0.0010798	0.0	0.0	0.0	0.0	0.0	0.0	0.0	0.0	0.0	0.0	0.0	0.0807117
HSM7J4KK	0.0	0.0	0.0	0.0	0.0	0.0	0.0	0.0	0.0	0.0	0.0	0.0	0.0	0.0	0.0	0.0	0.008985700000000001	0.0	0.0	0.0	0.0	0.0021829	0.0	0.0	0.0	0.0	7.68e-05	0.0	0.629886	0.0020428	0.039086699999999995	0.0	0.0008420999999999999	0.0	0.0101514	0.026765399999999998	0.0007756	0.0	0.007484	0.007212100000000001	0.049675800000000006	0.0	0.0	0.0	0.0	0.0	0.0	0.0	0.0	0.0	0.0	0.0	0.0	0.0	0.0	0.0	0.0	0.0	0.0	0.0	0.0001974	0.0	0.0	0.011018	0.0	0.0	0.0	0.0	0.0	0.0	0.0	1.77e-05	1.21e-05	0.0	0.0	0.051347300000000005	0.0010025000000000001	0.0214783	0.0	0.0	0.0013461999999999999	0.0064421999999999995	0.0028607	0.0	0.0	0.0003335	0.0	0.0	0.0018744	2.24e-05	0.0	0.00017350000000000002	0.029243900000000003	1.4999999999999999e-05	0.0023518000000000002	0.027061400000000003	0.0	0.019325099999999998	0.0002478	0.000136	0.0	0.0	0.0	4.66e-05	0.0079787	0.0	0.0	0.0	0.0	0.0	0.0	0.0	0.000335	0.0	0.0	0.0	0.0	0.0	0.0	0.0	1.13e-05	0.0	0.0	0.0	0.0064071	0.0	0.0	0.0	0.0	0.0	0.0	0.0018678000000000002	0.0009718999999999999	8.900000000000001e-06	0.0	0.0	0.0	0.0	0.0	0.007679399999999999	0.0	0.0	0.0	0.0	0.0	0.0	0.0	0.0	0.0	0.0	0.0	0.0	0.0	0.00030910000000000003	0.0	0.0	0.0	0.0	0.0	0.0	0.0	0.0	0.0	0.0	0.0	0.012680799999999999
HSM7J4KM	0.0	0.0	0.0	0.0	0.0	0.0	0.0	0.0	0.0	0.0	0.0	4.7600000000000005e-05	0.0	0.00016969999999999998	0.0	0.0	0.0054396	0.0	0.0	0.0	0.0	0.0010912	0.0	0.0	0.0	0.0	0.0	0.0	0.270565	2.64e-05	0.0079905	0.0	0.00048090000000000003	0.0	0.0004351	0.008979299999999999	0.0002975	0.0	0.004742100000000001	0.202499	0.0120474	0.0001436	0.0	0.0	0.0	0.0	0.0	0.0	0.0	0.0	0.0	0.0	0.0	0.0	0.0	0.0	0.0	0.0	0.0	0.0	0.0005098	0.0	0.0	0.0014114000000000002	0.0	0.0	0.0	0.0	0.0	0.0	0.0	0.0	0.0	0.0	0.0	0.053128999999999996	6.17e-05	0.0299214	0.0	0.0	0.0012858	0.0044239	0.0016709	0.0	0.0	0.02254	0.0	0.0	0.0005884999999999999	0.0006981	0.0	0.0	0.221584	0.0	0.0	0.0425844	0.0	0.00010680000000000001	0.0	0.0	0.0	0.0	0.0	0.0	0.0788392	0.0	0.0	0.0	0.0	0.0	0.0	0.0011375	0.0031329	0.0	0.0	0.0	0.0	0.0	0.0	0.0	0.0	0.0	0.0	0.0	0.011709	0.0	0.0	0.0	0.0	0.0	0.0	0.00031319999999999997	0.0001364	0.0	0.0	0.0	0.0	0.0	0.0	0.006910300000000001	0.0	0.0	0.0	0.0	0.0	0.0	0.0	0.0	0.0	0.0	0.0	0.0	0.0	0.0023509	0.0	0.0	0.0	0.0	0.0	0.0	0.0	0.0	0.0	0.0	0.0	0.0
HSM5MD5X_P	0.0	0.0	0.0	0.0	0.0	0.0	0.0	0.0	0.0	0.0	0.0	0.0	0.0	0.0	0.0	0.0	0.0023231	0.0	0.0	0.0	0.0	0.0020123000000000003	0.0	0.0	0.0	0.0	0.0	0.0	0.40568899999999997	0.0	0.0	0.0	0.0	0.0	0.0	0.0319423	0.0	2.44e-05	0.00010680000000000001	0.0019126999999999998	0.0026831	0.0	0.0	0.0	0.0	0.0	0.0	0.0	0.0	0.0	0.0	0.0	0.0	0.0	0.0	0.0	0.0	0.0	0.0	0.0	0.004714899999999999	0.0	0.0	0.016257499999999998	0.0	0.0	0.0	0.0	0.0	0.0	0.0	0.0003925	0.0006367000000000001	0.0	0.0	0.0030456	0.00030649999999999997	0.013455400000000001	0.0	0.0	0.018221400000000002	0.0183698	0.0083341	0.0	0.0	0.023084999999999998	0.0	0.0	0.0020312	0.0001843	0.0	0.0	0.286878	0.0	0.0013556	0.0136375	0.0	0.0	4.4e-06	0.0	0.0	0.0	0.0	0.0	0.0	0.0	0.0005306	5.610000000000001e-05	0.0005115	0.0	0.0	0.060139599999999994	0.0	0.0	0.0	0.0	0.0	0.0	0.0	0.0	0.00035539999999999997	0.0	0.0	0.0002867	0.0505281	0.0	0.0	0.0	0.0	0.0	0.0	0.0004908	0.0	0.0	0.0	0.0	0.0	0.0	0.0	0.0055091	0.0	0.0	0.0	0.0	0.0	0.0	0.0	0.0	0.0	0.0	0.0	5.03e-05	1.17e-05	0.005393	0.0	0.0	0.0	0.0	0.0	0.0	0.0	0.0	0.0	0.0	0.0	0.018533400000000002
HSM5MD62	0.0	0.0	0.0	0.0	0.0	0.0	0.0	0.0	0.0	0.0	0.0	0.0	0.0	0.0001063	0.0007081	0.0	0.0052661999999999995	0.0	0.0	0.0	0.0	9.82e-05	0.0	0.0	0.0	0.0	0.0	0.0	0.570249	0.0	0.0	0.0	0.0	0.0	0.03353180000000001	0.0692215	0.0	0.0	0.0	0.0	0.032993	0.0	0.0	0.0	0.0	0.0	0.0	0.0	0.0	0.0	0.0	0.0	0.0	0.0	0.0	0.0	0.0	0.0	0.0	0.0	0.0009702	0.0	0.0	0.0012692	0.0	0.0	0.0	0.0	0.0	0.0	0.0	0.00010959999999999998	0.0008371	0.0	0.0	0.0	0.0	0.0003513	0.0	0.0	0.0005051999999999999	0.0008091000000000001	0.0011501	0.0	0.0	0.011197499999999999	0.0	0.0	0.0006072	0.0006027000000000001	0.0	0.00031069999999999996	0.12523	0.0	0.0	0.0576072	0.0	0.0	0.0	8.209999999999999e-05	0.0	0.0	0.0	0.0	0.0	0.0	0.0200285	0.0	0.0	0.00015390000000000003	0.0	0.012977100000000002	0.0	0.0	0.0	0.0	0.0	0.0	0.0	0.0	0.0	0.0	0.0	0.0	0.0433383	0.0	0.0	0.0	0.0	0.0	0.0	0.004830699999999999	0.00035639999999999994	0.0	0.0	0.0	0.0	0.0005099999999999999	0.0	0.0020784	0.0	0.0	0.0	0.0	0.0	0.0	0.0	0.0	0.0	0.0	0.0	0.0	0.0	0.0012769	0.0	0.0	0.0	0.0	0.0	0.0	0.0	0.0	0.0	0.0	0.0	0.0
HSM5MD6Y	0.0	0.0	0.0	0.0	0.0	0.0	0.0	0.0	0.0	0.0	0.0	0.0	0.0	0.0005277999999999999	0.00024639999999999997	0.0	0.0021944000000000004	0.0	0.0	0.0	0.0	0.0003135	0.0	0.0	0.0	0.0	0.0	0.0	0.24182399999999998	0.0	0.0	0.0	0.0	0.0	0.0202543	0.0306475	0.0	0.0	0.0	0.0046218000000000006	0.0075987	0.0	0.0	0.0	0.0	0.0	0.0	0.0	0.0	0.0	0.0	0.0	0.0	0.0	0.0	0.0	0.0	0.0	0.0	0.0	0.00037799999999999997	0.0	0.0	0.0016909000000000002	0.0	0.0	0.0	0.0	0.0	0.0	0.0	0.0002718	0.00025019999999999996	0.0	0.0	0.069967	0.0	0.00214	0.0	0.0	0.0009086000000000001	0.0018662	0.001756	0.0	0.0	0.08775089999999999	0.0	0.0	0.0001177	0.0002292	0.0	0.0	0.44958000000000004	0.0	0.0010833	0.0214508	0.0	0.0	0.0	0.00020739999999999997	0.0	0.0	0.0	0.0	0.0	0.0	0.014376400000000001	0.0	0.0	0.0	0.0	0.0013400999999999999	0.0	0.0	0.0	0.0	0.0	0.0	0.0	0.0	0.0	0.0	0.0	0.0	0.021684000000000002	0.0	0.0	0.0	0.0	0.0	0.0	0.0052236	0.00023209999999999998	0.0	0.0	0.0	0.0	0.0	0.0	0.0034624	0.0	0.0	0.0	0.0	0.0	0.0	0.0	0.0	0.0	0.0	0.0	0.0002097	0.0	0.0040603	0.0	0.0	0.0	0.0	0.0	0.0	0.0	0.0	0.0	0.0	0.0	0.0
HSM5MD71	0.0	0.0	0.0	0.0	0.0	0.0	0.0	0.0	0.0	0.0	0.0	0.0	0.0	0.0	0.0	0.0	0.0046904	0.0	0.0	0.0	0.0	0.00048550000000000004	0.0	0.0	0.0	0.0	0.0	0.0	0.296536	0.0	0.0	0.0	0.0	0.0	0.0155565	0.0581275	0.0	0.0	0.0	0.0017997	0.006847399999999999	0.0	0.0	0.0	0.0	0.0	0.0	0.0	0.0	0.0	0.0	0.0	0.0	0.0	0.0	0.0	0.0	0.0	0.0	0.0	0.00033339999999999997	0.0	0.0	0.0008054000000000001	0.0	0.0	0.0	0.0	0.0	0.0	0.0	0.0	0.0001508	0.0	0.0	0.0793697	0.0	0.0063159999999999996	0.0	0.0	0.0014749000000000001	0.0018844	0.0013034000000000001	0.0	0.0	0.10981300000000001	0.0	0.0	0.00013769999999999999	0.001405	0.0	0.0	0.284009	0.0	0.000323	0.0189236	0.0	0.0	0.0	6.330000000000001e-05	0.0	0.0	0.0	0.0	0.0	0.0	0.017928799999999998	0.0	0.0	0.0	0.0	0.0014121	0.0	0.0	0.0	0.0	0.0	0.0	0.0003658	0.0	0.0	0.0	0.0	0.0	0.07890069999999999	0.0	0.0	0.0	0.0	0.0	0.0	0.0027581	0.0001359	0.0	0.0	0.0	0.0	0.0	0.0	0.0043808	0.0	0.0	0.0	0.0	0.0	0.0	0.0	0.0	0.0	0.0	0.0	0.0	0.0	0.0037619999999999997	0.0	0.0	0.0	0.0	0.0	0.0	0.0	0.0	0.0	0.0	0.0	0.0
HSM5MD73	0.0	0.0	0.0	0.0	0.0	0.0	0.0	0.0	0.0	0.0	0.0	0.0	0.0	0.000513	0.0	0.0	0.005261999999999999	0.0	0.0	0.0	0.0	0.0007216	0.0	0.0	0.0	0.0	0.0	0.0	0.38243699999999997	0.0	0.0	0.0	0.0	0.0	0.0245819	0.0458276	0.0	0.0	0.0	0.0085737	0.014682800000000001	0.0	0.0	0.0	0.0	0.0	0.0	0.0	0.0	0.0	0.0	0.0	0.0	0.0	0.0	0.0	0.0	0.0	0.0	0.0	0.0	0.0	1.53e-05	0.0007434	0.0	0.0	0.0	0.0	0.0	0.0	0.0	5.41e-05	0.0008299	0.0	0.0	0.110431	0.0	0.0029824	0.0	0.0	0.0013268	0.0030631	0.005660899999999999	0.0	0.0	0.049564	0.0	0.0	0.00018030000000000002	0.0030368	0.0	0.0	0.219138	0.0	1.42e-05	0.021236500000000002	0.0	0.0	0.0	0.00018700000000000002	0.0	0.00030950000000000004	0.0	0.0	0.0	0.0	0.0128929	0.0	0.0	0.00012930000000000003	0.0	0.007061	0.0	0.0	0.0	0.0	0.0	0.0	0.0	0.0	0.0	0.0	0.0	0.0	0.06515409999999999	0.0	0.0	0.0	0.0	0.0	5.15e-05	0.0025804	0.0	0.0	0.0	0.0	0.0	0.0	0.0	0.0041558	0.0	0.0	0.0	0.0	0.0	0.0	0.0	0.0	0.0	0.0	0.0	7.840000000000001e-05	0.0	0.006524299999999999	0.0	0.0	0.0	0.0	0.0	0.0	0.0	0.0	0.0	0.0	0.0	0.0
HSM5MD75	0.0	0.0	0.0	0.0	0.0	0.0	0.0	0.0	0.0	0.0	0.0	0.0	0.0	0.0	0.0	0.0	0.0037304	0.0	0.0	0.0	0.0	0.0005161	0.0	0.0	0.0	0.0	0.0	0.0	0.407758	0.0	0.0	0.0	0.0	0.0	0.0066573000000000005	0.0207069	0.0	0.0	0.0	0.00782	0.0067524	0.0	0.0	0.0	0.0	0.0	0.0	0.0	0.0	0.0	0.0	0.0	0.0	0.0	0.0	0.0	0.0	0.0	0.0	0.0	0.0	0.0	0.0	0.0	0.0	0.0	0.0	0.0	0.0	0.0	0.0	0.0	0.0	0.0	0.0	0.105848	0.0	0.0071573999999999995	0.0	0.0	0.0019935	0.0059383000000000005	0.0	0.0	0.0	0.007603	0.0	0.0	0.0	0.010960899999999999	0.0	0.0	0.204535	0.0	0.0	0.0081639	0.0	0.0	0.0	0.0	0.0	0.0	0.0	0.0	0.0	0.0	0.007174	0.0	0.0	0.0	0.0	0.0077283000000000004	0.0	0.0	0.0	0.0	0.0	0.0	0.0	0.0	0.0	0.0	0.0	0.0	0.1685	0.0	0.0	0.0	0.0	0.0	0.0	0.0003194	0.0	0.0	0.0	0.0	0.0	0.0	0.0	0.003221	0.0	0.0	0.0	0.0	0.0	0.0	0.0	0.0	0.0	0.0	0.0	0.0	0.0	0.0034709000000000003	0.0	0.0	0.0	0.0	0.0	0.0	0.0	0.0	0.0	0.0	0.0	0.0034453
HSM6XRS4	0.0	0.0	0.0	0.0	0.0	0.0	0.0	0.0	0.0	0.0	0.0	0.0	0.0	0.0025369	0.0008240999999999999	0.0	0.11880299999999999	0.0	0.0	0.0	0.0	0.0	0.0	0.0	0.0	0.0	0.0	0.0	0.0002489	0.0	0.0	0.0	0.0	0.0	0.0	0.0	0.0	0.0	0.0	0.0	0.0	0.0	0.0	0.0	0.0	0.0	0.0	0.0	0.0	0.0	0.0	0.0	0.0008929000000000001	0.0059003	0.0	0.0	0.0	0.0	0.0	0.0	0.0390777	0.0	0.0	0.0	0.0	0.0	0.0	0.0	0.0	0.0	0.0	0.0	0.0	0.0	0.0	0.0	0.0	0.0008011000000000001	0.0	0.0	0.0	0.0	0.0	0.0	0.0	0.0	0.0	0.0	0.0	0.0	0.0	0.0	8.72e-05	0.0	0.0	0.0	0.0	0.0	0.0	0.0	0.0	0.0	0.0	0.0	0.0	0.0	0.0	0.0	0.0	0.0	0.0	0.0	0.0	0.0	0.0	0.0	0.0	0.0	0.0	0.0	0.0	0.0	0.0	0.0	0.146419	0.0	0.0	0.0	0.0002783	0.0	0.0	0.0	0.0	0.0	0.0	0.0	0.0011577	0.290998	0.000118	0.27447699999999997	0.0010642000000000002	0.0660769	0.0	0.0008762	0.0	0.0	0.0	0.0	0.0	0.0	0.0	0.0	0.0	0.0470147	0.0	0.0	0.0023474	0.0	0.0	0.0	0.0	0.0	0.0	0.0	0.0	0.0
HSM6XRS6	0.0	0.0	0.0	0.0	0.0	0.0	0.0	0.0	0.0	0.0	0.0	0.0	0.0	0.0002343	0.0	0.0	0.12730999999999998	0.0	0.0	0.0	0.0	0.0	0.0	0.0	0.0	0.0	0.0	0.0	1.2e-05	0.0	0.0	0.0	0.0	0.0	0.0	0.0	0.0	0.0	0.0	0.0	0.0	0.0	0.0	0.0	0.0	0.0	0.0	0.0	0.0	0.0	0.0	0.0	0.0018942	0.0035055	0.0	0.004905	0.0	0.0	0.0	0.0	0.0155535	0.0	0.0	0.0	0.0	0.0	0.0	0.0	0.0	0.0	0.0	0.0	0.0	0.0	0.0	0.0	0.0	0.0	0.0	0.0	0.0	0.0	0.0	0.0	0.0	0.0	0.0	0.0	0.0	0.0	0.0	0.0	0.0	0.0	0.0	0.0	0.0	0.0	0.0	0.0	0.0	0.0	0.0	0.0	0.0	0.0	0.0	0.0	0.0	0.0	0.0	0.0	0.0	0.0	0.0	0.0	0.0	0.0001339	0.0003612	0.0	0.0	0.0	0.0	0.0	0.18830999999999998	0.0	0.0	0.0	0.0005128999999999999	0.0	0.0	0.0	0.0	0.0	0.0	0.0	0.0	0.0	0.0	0.41429099999999996	0.0	0.0081291	0.0	0.0017987	0.0	0.0	0.0	0.0	0.0	0.0	0.0	0.0006977	0.0	0.230677	0.0	0.0	0.0012272000000000001	0.0	0.0	0.0	0.0	0.0	0.0	0.0	0.0	0.0
HSM6XRS8	0.0	0.0	0.0	0.0	0.0	0.0	0.0	0.0	0.0	0.0	0.0	0.0	0.0	0.0	0.0	0.0	0.252553	0.0	0.0	0.0	0.0	0.0	0.0	0.0	0.0	0.0	0.0	0.0	0.089875	0.0	0.0	0.0	0.0	0.0	0.0	0.008458499999999999	0.0	0.0	0.0	0.0099451	0.0041646999999999995	0.0	0.0	0.0	0.0	0.0	0.0	0.0	0.0	0.0	0.0	0.0	0.008918700000000002	0.0	0.0	0.0	0.026583099999999995	0.0	0.0	0.0	0.0	0.0	0.0	0.0	0.0	0.0	0.0	0.0	0.0	0.0	0.0	0.0	0.0	0.0	0.0	0.0034574	0.0	0.0	0.0	0.0	0.0	0.0	0.0	0.0	0.0	0.0	0.0	0.0	0.0	0.30735999999999997	0.0	0.0	0.027241900000000003	0.0	0.0	0.0109014	0.0	0.0	0.0	0.0	0.0	0.0	0.0	0.0	0.0	0.0	0.0	0.0	0.0	0.0	0.0	0.0039182999999999996	0.0	0.0	0.0	0.0	0.0	0.0	0.0	0.0	0.0	0.0	0.0	0.0	0.0	0.0	0.0	0.0	0.0	0.0	0.0	0.0	0.0	0.0	0.0	0.0	0.0	0.0	0.0	0.0288423	0.0	0.0	0.0	0.0	0.0	0.0	0.0	0.0	0.0	0.0	0.0	0.0	0.0	0.20692800000000003	0.0	0.0	0.0	0.0	0.0	0.0	0.0	0.0	0.0	0.0	0.0	0.0
HSM6XRSE	0.0	0.0	0.0	0.0	0.0	0.0	0.0	0.0	0.0	0.0	0.0	0.0	0.0	0.0008704	0.0	0.0	0.013692	0.0	0.0	0.0	0.0	0.0068791	0.0	0.0	0.0	0.0	0.0	0.0	0.455801	0.0	0.0	0.0	0.0	0.0	0.0	0.014612799999999999	0.0	0.0	0.0	0.0003191	0.0055648	0.0	0.0	0.0	0.0	0.000488	0.0	0.0	0.0	0.0	0.0	0.0	0.0	0.0	0.0	0.000666	0.0	0.0	0.0	0.0	0.0021652	0.0	0.0	0.0132748	0.0	0.0	0.0	0.0	0.0	0.0	0.0	0.0006271	0.0014509	0.0	0.0	0.0022440000000000003	9.71e-05	0.0181178	0.0	0.0	5.720000000000001e-05	0.0	0.0026634000000000002	0.0	0.0	0.0173042	0.0	0.0	0.0001911	0.0021118	0.0	0.0	0.004813800000000001	0.0	0.0	0.0014392	0.0	0.0	1.5399999999999998e-05	0.0	0.0	0.000145	0.0005741	0.0017559000000000001	0.00014890000000000001	0.0	0.006737000000000001	0.0	0.0063549999999999995	0.0	0.0	0.13936099999999998	0.0	0.0	0.0	0.0	0.0	0.0	0.0	0.0	3.5499999999999996e-05	0.0	0.0	0.0	0.26256999999999997	0.0	0.0	0.0	0.0	0.0	0.0	0.0004372	0.0	0.0	0.0	0.0	0.0	0.0	0.0	0.0105354	0.0	0.0	0.0	0.0	0.0	0.0	0.0	0.0	0.0	0.0	0.0	0.0	0.0	0.0040694	0.0	0.0	0.0	0.0	0.0	0.0	0.0	0.0	0.0	0.0	0.0	0.0
HSM7CYZ5	0.0	0.0	0.0	0.0	0.0	0.0	0.0	0.0	0.0	0.0	0.0	0.0	0.0	0.0	0.0	0.0	0.0017077000000000001	0.0	0.0	0.0	0.0	0.0006257999999999999	0.0	0.0	0.0	0.0	0.0	0.0	0.767301	0.0	0.0	0.0	0.0	0.0	0.0	0.00025	0.0	0.0	0.0	2.54e-05	0.0	0.0	0.0	0.0	0.0	0.0	0.0	0.0	0.0	0.0	0.0	0.0	0.0	0.0	0.0	0.0	0.0	0.0	0.0	0.0	0.00022810000000000001	0.0	0.0	0.0089221	0.0	0.0	0.0	0.0	0.0	0.0	0.0	0.0009282	0.009376	0.0	0.0	0.0	0.0004975	0.0011677	0.0	0.0	0.0	0.0	0.0034554000000000004	0.0	0.0	0.08916349999999999	0.0	0.0	0.0	0.0006035	0.0	0.0	2.64e-05	0.0	0.0	0.00044950000000000003	0.0	0.0001671	0.0	0.0	0.0	0.0001161	0.0	0.0	0.0	0.0	0.017096200000000002	0.0	0.0038274	0.0	0.0	0.0230875	0.0	0.0	0.0	0.0	0.0	0.0	0.0001571	0.0	0.0	0.0	0.0	0.0	0.06721	0.0	0.0	0.0	0.0	0.0	0.0	0.0	0.0	0.0	0.0	0.0	0.0	0.0	0.0	0.0027483	0.0	0.0	0.0	0.0	0.0	0.0	0.0	0.0	0.0	0.0	0.0	0.0	0.0	0.0008443	0.0	0.0	0.0	0.0	0.0	0.0	0.0	0.0	0.0	0.0	0.0	0.0
HSM7CYZ7	0.0	0.0	0.0	0.0	0.0	0.0	0.0	0.0	0.0	0.0	0.0	0.0	0.0	0.0	0.0002274	0.0	0.0149153	0.0	0.0	0.0	0.0	0.006539799999999999	0.0	0.0	0.0	0.0	0.0	0.0	0.20702199999999998	0.0	0.0	0.0	0.0	0.0	0.0	0.0	0.0	0.0	0.0	1.07e-05	0.0	0.0	0.0	0.0	0.0	5.02e-05	0.0	0.0	0.0	0.0	0.0	0.0	0.0	0.0	0.0	0.00032250000000000003	0.0	0.0	0.0	0.0	0.000921	0.0	0.0	0.0031905	0.0	0.0	0.0	0.0	0.0	0.0	0.0	0.00034139999999999995	0.0023334	0.0	0.0	0.0	0.001637	0.07704069999999999	0.0	0.0	0.0	8.85e-05	0.0012326	0.0	0.0	0.358561	0.0	0.0	0.0	0.003045	0.0	0.0	6.579999999999999e-05	0.0	0.0	0.0001315	0.0	0.0015703	0.00029489999999999996	0.0	0.0	0.0010198	0.0	0.0	0.0	0.0	0.0027486	0.0	0.0011374	0.0	0.0	0.07904	0.0	0.0	0.0	0.0	0.0	0.0	0.0001379	0.0	0.0	0.0	0.0	0.0	0.213808	0.0	0.0	0.0	0.0	0.0	0.0	0.0	0.0	0.0	0.0	0.0	0.0	0.0	0.0	0.0088587	0.0	1.4800000000000002e-05	0.0	0.0	0.0	0.0	0.0	0.0	0.0	0.0	0.0	0.0	0.0	0.012912200000000002	0.0	0.0	0.0007809000000000001	0.0	0.0	0.0	0.0	0.0	0.0	0.0	0.0	0.0
HSM7CYZ9	0.0	0.0	0.0	0.0	0.0	0.0	0.0	0.0	0.0	0.0	0.0	0.0	0.0	0.0	0.0	0.0	0.0078084	0.0	0.0	0.0	0.0	0.0023311	0.0	0.0	0.0	0.0	0.0	0.0	0.166669	0.0	0.0	0.0	0.0	0.0	0.0	0.005659399999999999	0.0	0.0	0.0	4.02e-05	0.0023114999999999998	0.0	0.0	0.0	0.0	0.0	0.0	0.0	0.0	0.0	0.0	0.0	3.43e-05	0.0	0.0	0.0	0.0	0.0	0.0	0.0	0.0035842	0.0	0.0	0.0031902	0.0	0.0	0.0	0.0	0.0	0.0	0.0	0.0006184999999999999	0.0026359	0.0	0.0	0.00042290000000000003	0.0002782	0.0224844	0.0	0.0	0.0	0.0	0.0047776	0.0	0.0	0.43945500000000004	0.0	0.0	0.0	0.0016483000000000001	0.0	0.0	0.0345515	0.0	0.0	0.0011459	0.0	0.0020559999999999997	0.0003099	0.0	0.0	0.0018024	0.0	0.0	0.0	0.0	0.0160109	0.0	0.0053253	0.0	0.0	0.0035485	0.0	0.0	0.0	0.0	0.0	0.0	0.0	0.0	0.0	0.0	0.0	0.0	0.263752	0.0	0.0	0.0	0.0	0.0	0.0	0.0	0.0	0.0	0.0	0.0	0.0	0.0	0.0	0.0062799	0.0	0.0	0.0	0.0	0.0	0.0	0.0	0.0	0.0	0.0	0.0	0.0	0.0	0.0004657	0.0	0.0	0.0	0.0	0.0	0.0	0.0	0.0	0.0	0.0	0.0	0.0008027
HSM7CYZB	0.0	0.0	0.0	0.0	0.0	0.0	0.0	0.0	0.0	0.0	0.0	0.0	0.0	0.0	0.0	0.0	0.0047097	0.0	0.0	0.0	0.0	0.0031304	0.0	0.0	0.0	0.0	0.0	0.0	0.550905	0.0	0.0	0.0	0.0	0.0	0.0	0.0003597	0.0	0.0	0.0	0.0	8.599999999999999e-06	0.0	0.0	0.0	0.0	0.0	0.0	0.0	0.0	0.0	0.0	0.0	0.0	0.0	0.0	0.0	0.0	0.0	0.0	0.0	0.0005133999999999999	0.0	0.0	0.004295	0.0	0.0	0.0	0.0	0.0	0.0	0.0	3.41e-05	0.0031236000000000002	0.0	0.0	0.0820669	0.0	0.0101443	0.0	0.0	0.0	0.0	0.00012450000000000002	0.0	0.0	0.0119768	0.0	0.0	0.0	9.300000000000001e-05	0.0	0.0	0.159281	0.0	0.0	0.0006467	0.0	0.0008565	3.76e-05	0.0	0.0	0.0	0.0	0.0	0.0	0.0	0.0216625	0.0	0.0010998	0.0	0.0	0.00526	0.00013780000000000002	0.0	0.0	0.0	0.0	0.0	0.00045220000000000004	0.0	0.0	0.0	0.0	0.0	0.13351300000000002	0.0	0.0	0.0	0.0	0.0	0.0	0.0	0.0	0.0	0.0	0.0	0.0	0.0	0.0	0.005264199999999999	0.0	0.0	0.0	0.0	0.0	0.0	0.0	0.0	0.0	0.0	0.0	0.0	0.0	0.00030439999999999997	0.0	0.0	0.0	0.0	0.0	0.0	0.0	0.0	0.0	0.0	0.0	0.0
HSM7CYZD	0.0	0.0	0.0	0.0	0.0	0.0	0.0	0.0	0.0	0.0	0.0	0.0	0.0	0.0006441	0.0	0.0	0.0026284000000000004	0.0	0.0	0.0	0.0	0.000878	0.0	0.0	0.0	0.0	0.0	0.0	0.424677	0.0	0.0	0.0	0.0	0.0	0.0	0.00045910000000000005	0.0	0.0	0.0	0.0	0.0	0.0	0.0	0.0	0.0	0.0	0.0	0.0	0.0	0.0	0.0	0.0	0.0007174	0.0	0.0	0.0	0.0	0.0	0.0	0.0	0.0007512	0.0	0.0	0.0025545999999999998	0.0	0.0	0.0	0.0	0.0	0.0	0.0	1.9e-05	0.0025308	0.0	0.0	0.196672	0.0	0.0083	0.0	0.0	0.0	0.0	0.001998	0.0	0.0	0.06047330000000001	0.0	0.0	0.0	0.0028598000000000004	0.0	0.0	0.159079	0.0	0.0	0.0002367	0.0	0.0004913000000000001	0.0	0.0	0.0	0.0	0.0	0.0	0.0	0.0	0.0060743	0.0	0.0005598	0.0	0.0	0.0067299	0.0	0.0	0.0	0.0	0.0	0.0	0.0	0.0	0.0	0.0	0.0	0.0	0.102594	0.0	0.0	0.0	0.0	0.0	0.0	0.0	0.0	0.0	0.0	0.0	0.0	0.0	0.0	0.007201100000000001	0.0	0.0	0.0	0.0	0.0	0.0	0.0	0.0	0.0	0.0	0.0	0.0	0.0	0.0101775	0.0	0.0	0.0	0.0	0.0	0.0	0.0	0.0	0.0	0.0	0.0	0.0
HSM7CYZF	0.0	0.0	0.0	0.0	0.0	0.0	0.0	0.0	0.0	0.0	0.0	0.0	0.0	0.0	0.0	0.0	0.0002189	0.0	0.0	0.0	0.0	0.0	0.0	0.0	0.0	0.0	0.0	0.0	0.216185	0.0	0.0	0.0	0.0	0.0	0.0	0.0022651	0.0	0.0	0.0	0.0	0.0037965000000000004	0.0	0.0	0.0	0.0	0.0	0.0	0.0	0.0	0.0	0.0	0.0	0.0	0.0	0.0	0.0178337	0.0	0.0	0.0	0.0	0.0039641	0.0	0.0	0.0025410999999999997	0.0	0.00022319999999999998	0.0	0.0	0.0	0.0	0.0	0.0001809	0.0002887	0.0	0.0	0.0486521	0.0006294	0.0198925	0.0	0.0	0.0	0.0	0.0033525	0.0	0.0	0.0378468	0.0	0.0	0.0	0.0385096	0.0	0.0	0.135528	0.0	0.0	0.0007499	0.0	0.002305	0.00020780000000000004	0.0	0.0	0.0099106	0.0	0.0	0.0	0.0	0.0010217	0.0	1.8100000000000003e-05	0.0	0.0	0.019203900000000003	0.0010023999999999999	0.0	0.0	0.0	0.0	0.0	0.0	0.0	0.0	0.0	0.0	0.0	0.0	0.0079203	0.0	0.0	0.0	0.0	0.007418800000000001	0.0	0.0	0.0	0.0	0.0	0.0	0.0	0.0	0.201497	0.0	0.0	0.0	0.0	0.0	0.0	0.0	0.0	0.0	0.0	0.0	0.0035143	0.0004696000000000001	0.21285199999999999	0.0	0.0	0.0	0.0	0.0	0.0	0.0	0.0	0.0	0.0	0.0	0.0
HSM7J4QB	0.0	0.0	0.0	0.0	0.0	0.0	0.0	0.0	0.0	0.0	0.0	0.0	0.0	0.00045819999999999997	0.0	0.0	0.0012357999999999998	0.0	0.0	0.0	0.0	0.0015726	0.0	0.0	0.0	0.0	0.0	0.0	0.261442	0.0	0.0	0.0	0.0	0.0	0.0	6.23e-05	0.0	0.0	0.0	0.0	0.0	0.0	0.0	0.0	0.0	0.0	0.0	0.0	0.0	0.0	0.0	0.0	0.0	0.0	0.0	0.0	0.0	0.0	0.0	0.0	0.0	0.00031749999999999997	0.0	0.00031719999999999996	0.0	0.0	0.0	0.0	0.0	0.0	0.0	6.8e-06	0.0005365	0.0	0.0	0.180142	0.00020899999999999998	0.0467033	0.0	0.0	0.0	0.0	0.0010716	0.0	0.0	0.136274	0.0	0.0	0.0	0.0001115	0.0	0.0	0.12292	0.0	1.39e-05	0.0026936	0.0	0.0022758	0.0004348	0.0	0.0	0.0006841	0.0	0.0	0.0	0.0	0.0010414	0.0	0.0009238999999999999	0.0	0.0	0.11431	0.0008808999999999999	0.0	0.0	0.0	0.0	0.0	0.0	0.0	0.0	0.0	0.0	0.0	0.047904199999999994	0.0	0.0	0.0	0.0	0.0	0.0	0.0	0.0	0.0	0.0	0.0	0.0	0.0	0.0	0.0244053	0.0	0.0	0.0031258	0.0	0.0	0.0	0.0	0.0	0.0	0.0	0.0	0.0006306	0.0	0.047208	0.0	0.0	0.0	0.0	0.0	0.0	0.0	0.0	0.0	0.0	0.0	0.0
HSM7J4QD	0.0	0.0	0.0	0.0	0.0	0.0	0.0	0.0	0.0	0.0	0.0	0.0	0.0	0.0	0.0	0.0	0.0068755	0.0	0.0	0.0	0.0	0.0014765999999999998	0.0	0.0	0.0	0.0	0.0	0.0	0.0909827	0.0	0.0	0.0	0.0	0.0	0.0	0.0	0.0	0.0	0.0	0.0	0.0	0.0	0.0	0.0	0.0	0.0	0.0	0.0	0.0	0.0	0.0	0.0	0.0	0.0	0.0	0.0070203	0.0	0.0	0.0	0.0	0.0025144000000000004	0.0	0.0	0.0034961999999999997	0.0	0.0	0.0	0.0	0.0	0.0	0.0	0.0	0.0	0.0	0.0	0.302036	0.001592	0.0032192	0.0	0.0	0.0	0.0	0.0012472000000000002	0.0	0.0	0.0590629	0.0	0.0	0.0	0.008679000000000001	0.0005283	0.0	0.207288	0.0	0.0	0.0007183	0.0	0.0	0.0	0.0	0.0	0.0	0.0	0.0	0.0	0.0	0.0004828	0.0	0.0	0.0	0.0	0.033772699999999996	0.0	0.0	0.0	0.0	0.0	0.0	0.0	0.0	0.0	0.0	0.0	0.0	0.24800500000000003	0.0	0.0	0.0	0.0	0.0	0.0	0.0	0.0	0.0	0.0	0.0056677	0.0	0.0	0.0	0.0095016	0.0	0.0	0.0	0.0	0.0	0.0	0.0	0.0	0.0	0.0	0.0	0.0	0.0	0.0058348	0.0	0.0	0.0	0.0	0.0	0.0	0.0	0.0	0.0	0.0	0.0	0.0
HSM7J4QF	0.0	0.0	0.0	0.0	0.0	0.0	0.0	0.0	0.0	0.0	0.0	0.0	0.0	0.00031719999999999996	0.0001608	0.0	0.0014916999999999999	0.0	0.0	0.0	0.0	0.0014472999999999999	0.0	0.0	0.0	0.0	0.0	0.0	0.53103	0.0	0.0	0.0	0.0	0.0	0.0	0.00011719999999999999	0.0	0.0	0.0	0.0	0.0	0.0	0.0	0.0	0.0	0.0	0.0	0.0	0.0	0.0	0.0	0.0	0.0	0.0	0.0	0.0	0.0	0.0	0.0	0.0	0.000517	0.00012919999999999997	0.0	0.0023193000000000003	0.0	0.0	0.0	0.0	0.0	0.0	0.0	0.0001674	0.0043369	0.0	0.0	0.269363	5.7499999999999995e-05	0.0106019	0.0	0.0	0.0	0.0	0.0018455	0.0	0.0	0.025269	0.0	0.0	0.0	0.0003537	0.0	0.0003401	0.0787029	0.0	0.0048887	0.0013465999999999999	0.0	0.0001724	0.0	0.0	0.0	0.0	0.0	0.0	0.0	0.0	0.0115247	0.0	0.0	0.0	0.0	0.0054804	0.0016597	0.0	0.0	0.0	0.0	0.0	0.0	0.0	0.0	0.0	0.0	0.0	0.0403274	0.0	0.0	0.0	0.0	0.0	0.0	0.0	0.0	0.0	0.0	0.0	0.0	0.0	0.0	0.0005931	0.0	0.0	5.9699999999999994e-05	0.0	0.0	0.0	0.0	0.0	0.0	0.0	0.0	9.65e-05	0.0	0.0050055	0.0	0.0	0.0002782	0.0	0.0	0.0	0.0	0.0	0.0	0.0	0.0	0.0
HSM7J4QH	0.0	0.0	0.0	0.0	0.0	0.0	0.0	0.0	0.0	0.0	0.0	0.0	0.0	0.0	0.0	0.0	0.0074227	0.0	0.0	0.0	0.0	0.0013273	0.0	0.0	0.0	0.0	0.0	0.0	0.0475022	0.0	0.0	0.0	0.0	0.0	0.0	6.05e-05	0.0	0.0	0.0	0.0002589	0.0	0.0	0.0	0.0	0.0	0.0	0.0	0.0	0.0	0.0	0.0	0.0	0.00017819999999999997	0.0	0.0	0.0011454	0.0	0.0	0.0	0.0	0.0160092	0.0002764	0.0	0.00027	0.0	0.0	0.0	0.0	0.0	0.0	0.0	0.0	0.0	0.0	0.0	0.46357	0.0027365	0.015999100000000002	0.0	0.0	0.0	0.0	0.032924800000000004	0.0	0.0	0.0381527	0.0	0.0	0.0	0.0025951999999999998	0.0	0.0	0.156781	0.0	0.0	0.0036819	0.0	0.0020147000000000003	0.0005439	0.0	0.0	0.0016890999999999998	0.0	0.0	0.0	0.0	1.73e-05	0.0	0.0	0.0	0.0	0.06120790000000001	0.0	0.0	0.0	0.0	0.0	0.0	0.0	0.0	0.0	0.0	0.0	0.0	0.0843027	0.0	0.0	0.0	0.0	0.0	0.0	0.0	0.0	0.0009547000000000001	0.0	0.0	0.0	0.0	0.0	0.0003653	0.0	0.0	0.0	0.0	0.0	0.0	0.0	0.0	0.0	0.0	0.0	0.0067626000000000006	2.6700000000000002e-05	0.050296	0.0	0.0	0.00043739999999999995	0.0	0.0	0.0	0.0	0.0	0.0	0.0	0.0	0.0
HSM7J4QJ	0.0	0.0	0.0	0.0	0.0	0.0	0.0	0.0	0.0	0.0	0.0	0.0	0.0	0.0	0.0	0.0	0.0	0.0	0.0	0.0	0.0	0.0	0.0	0.0	0.0	0.0	0.0	0.0	0.0	0.0	0.0	0.0	0.0	0.0	0.0	0.0	0.0	0.0	0.0	0.0	0.0	0.0	0.0	0.0	0.0	0.0	0.0	0.0	0.0	0.0	0.0	0.0	0.0	0.0	0.0	0.0	0.0	0.0	0.0	0.0	0.0	0.0	0.0	0.0	0.0	0.0	0.0	0.0	0.0	0.0	0.0	0.0	0.0	0.0	0.0	0.150265	0.0	0.0	0.0	0.0	0.0	0.0	0.0	0.0	0.0	0.009108499999999999	0.0	0.0	0.0	0.618544	0.0	0.0	0.17089300000000002	0.0	0.0	0.0511894	0.0	0.0	0.0	0.0	0.0	0.0	0.0	0.0	0.0	0.0	0.0	0.0	0.0	0.0	0.0	0.0	0.0	0.0	0.0	0.0	0.0	0.0	0.0	0.0	0.0	0.0	0.0	0.0	0.0	0.0	0.0	0.0	0.0	0.0	0.0	0.0	0.0	0.0	0.0	0.0	0.0	0.0	0.0	0.0	0.0	0.0	0.0	0.0	0.0	0.0	0.0	0.0	0.0	0.0	0.0	0.0	0.0	0.0	0.0	0.0	0.0	0.0	0.0	0.0	0.0	0.0	0.0	0.0	0.0	0.0
HSM7J4QL	0.0	0.0	0.0	0.0	0.0	0.0	0.0	0.0	0.0	0.0	0.0	0.0	0.0	0.0007487	0.0	0.0	0.0092845	0.0	0.0	0.0	0.0	0.0009276	0.0	0.0	0.0	0.0	0.0	0.0	0.481946	0.0	0.0	0.0	0.0	0.0	0.0	0.0001425	0.0	0.0	0.0	0.009718000000000001	0.0	0.0	0.0	0.0	0.0	0.0	0.0	0.0	0.0	0.0	0.0	0.0	0.0	0.0	0.0	0.0	0.0	0.0	0.0	0.0	0.0004373	0.0018320999999999997	0.0	0.0022759	0.0	0.0	0.0	0.0	0.0	0.0	0.0	0.0001805	0.0039982	7.290000000000001e-05	0.0	0.14276	0.0005201	0.0087136	0.0	0.0	0.0	0.0	0.0105444	0.0	0.0	0.08668780000000001	0.0	0.0	0.0	0.0005541000000000001	0.0	6.29e-05	0.169812	0.0	0.0003552	0.0030264	0.0	0.00041610000000000003	0.0	0.0	0.0	0.0	0.0	0.0	0.0	0.0	0.0046023	0.0	0.0	0.0	0.0	0.0112699	0.00010049999999999999	0.0	0.0	0.0	0.0	0.0	0.0	0.0	0.0	0.0	0.0	0.0	0.036998500000000004	0.0	0.0	0.0	0.0	0.0	0.0	0.0	0.0	0.0	0.0	0.0	0.0	0.0	0.0	0.0007964	0.0	0.0	0.0	0.0	0.0	0.0	0.0	0.0	0.0	0.0	0.0	0.0009182999999999999	0.0	0.0083258	0.0	0.0	0.0	0.0	0.0	0.0	0.0	0.0	0.0	0.0	0.0	0.0
